Date,KBSTAR 수출주
2014-01-13,9600.0
2014-01-14,9535.0
2014-01-15,9635.0
2014-01-16,9670.0
2014-01-17,9610.0
2014-01-20,9635.0
2014-01-21,9710.0
2014-01-22,9750.0
2014-01-23,9625.0
2014-01-24,9605.0
2014-01-27,9465.0
2014-01-28,9465.0
2014-01-29,9570.0
2014-02-03,9410.0
2014-02-04,9275.0
2014-02-05,9300.0
2014-02-06,9360.0
2014-02-07,9425.0
2014-02-10,9495.0
2014-02-11,9495.0
2014-02-12,9550.0
2014-02-13,9495.0
2014-02-14,9585.0
2014-02-17,9575.0
2014-02-18,9565.0
2014-02-19,9575.0
2014-02-20,9525.0
2014-02-21,9575.0
2014-02-24,9490.0
2014-02-25,9555.0
2014-02-26,9560.0
2014-02-27,9545.0
2014-02-28,9495.0
2014-03-03,9425.0
2014-03-04,9370.0
2014-03-05,9445.0
2014-03-06,9485.0
2014-03-07,9505.0
2014-03-10,9405.0
2014-03-11,9385.0
2014-03-12,9210.0
2014-03-13,9255.0
2014-03-14,9190.0
2014-03-17,9270.0
2014-03-18,9290.0
2014-03-19,9275.0
2014-03-20,9170.0
2014-03-21,9230.0
2014-03-24,9320.0
2014-03-25,9395.0
2014-03-26,9430.0
2014-03-27,9415.0
2014-03-28,9440.0
2014-03-31,9590.0
2014-04-01,9570.0
2014-04-02,9525.0
2014-04-03,9455.0
2014-04-04,9545.0
2014-04-07,9545.0
2014-04-08,9560.0
2014-04-09,9615.0
2014-04-10,9615.0
2014-04-11,9575.0
2014-04-14,9570.0
2014-04-15,9505.0
2014-04-16,9535.0
2014-04-17,9560.0
2014-04-18,9625.0
2014-04-21,9565.0
2014-04-22,9570.0
2014-04-23,9515.0
2014-04-24,9455.0
2014-04-25,9360.0
2014-04-28,9420.0
2014-04-29,9360.0
2014-04-30,9330.0
2014-05-02,9215.0
2014-05-07,9095.0
2014-05-08,9105.0
2014-05-09,9125.0
2014-05-12,9055.0
2014-05-13,9245.0
2014-05-14,9290.0
2014-05-15,9335.0
2014-05-16,9270.0
2014-05-19,9250.0
2014-05-20,9190.0
2014-05-21,9250.0
2014-05-22,9355.0
2014-05-23,9325.0
2014-05-26,9335.0
2014-05-27,9320.0
2014-05-28,9360.0
2014-05-29,9295.0
2014-05-30,9290.0
2014-06-02,9245.0
2014-06-03,9235.0
2014-06-05,9200.0
2014-06-09,9275.0
2014-06-10,9380.0
2014-06-11,9390.0
2014-06-12,9360.0
2014-06-13,9350.0
2014-06-16,9345.0
2014-06-17,9405.0
2014-06-18,9375.0
2014-06-19,9460.0
2014-06-20,9345.0
2014-06-23,9370.0
2014-06-24,9435.0
2014-06-25,9395.0
2014-06-26,9420.0
2014-06-27,9445.0
2014-06-30,9565.0
2014-07-01,9475.0
2014-07-02,9545.0
2014-07-03,9565.0
2014-07-04,9545.0
2014-07-07,9475.0
2014-07-08,9465.0
2014-07-09,9405.0
2014-07-10,9380.0
2014-07-11,9315.0
2014-07-14,9360.0
2014-07-15,9430.0
2014-07-16,9450.0
2014-07-17,9500.0
2014-07-18,9490.0
2014-07-21,9440.0
2014-07-22,9515.0
2014-07-23,9540.0
2014-07-24,9570.0
2014-07-25,9575.0
2014-07-28,9565.0
2014-07-29,9615.0
2014-07-30,9560.0
2014-07-31,9620.0
2014-08-01,9630.0
2014-08-04,9635.0
2014-08-05,9490.0
2014-08-06,9390.0
2014-08-07,9405.0
2014-08-08,9325.0
2014-08-11,9370.0
2014-08-12,9350.0
2014-08-13,9410.0
2014-08-14,9390.0
2014-08-18,9325.0
2014-08-19,9395.0
2014-08-20,9350.0
2014-08-21,9225.0
2014-08-22,9260.0
2014-08-25,9220.0
2014-08-26,9305.0
2014-08-27,9305.0
2014-08-28,9300.0
2014-08-29,9350.0
2014-09-01,9335.0
2014-09-02,9245.0
2014-09-03,9165.0
2014-09-04,9155.0
2014-09-05,9185.0
2014-09-11,9150.0
2014-09-12,9160.0
2014-09-15,9120.0
2014-09-16,9120.0
2014-09-17,9205.0
2014-09-18,9095.0
2014-09-19,9135.0
2014-09-22,9025.0
2014-09-23,8970.0
2014-09-24,8965.0
2014-09-25,8925.0
2014-09-26,8910.0
2014-09-29,8755.0
2014-09-30,8760.0
2014-10-01,8575.0
2014-10-02,8500.0
2014-10-06,8490.0
2014-10-07,8490.0
2014-10-08,8535.0
2014-10-10,8385.0
2014-10-13,8310.0
2014-10-14,8285.0
2014-10-15,8250.0
2014-10-16,8175.0
2014-10-17,8140.0
2014-10-20,8315.0
2014-10-21,8200.0
2014-10-22,8220.0
2014-10-23,8210.0
2014-10-24,8095.0
2014-10-27,8195.0
2014-10-28,8145.0
2014-10-29,8360.0
2014-10-30,8240.0
2014-10-31,8225.0
2014-11-03,8030.0
2014-11-04,7910.0
2014-11-05,7910.0
2014-11-06,8090.0
2014-11-07,8195.0
2014-11-10,8250.0
2014-11-11,8290.0
2014-11-12,8420.0
2014-11-13,8395.0
2014-11-14,8355.0
2014-11-17,8370.0
2014-11-18,8405.0
2014-11-19,8370.0
2014-11-20,8365.0
2014-11-21,8450.0
2014-11-24,8625.0
2014-11-25,8605.0
2014-11-26,8515.0
2014-11-27,8445.0
2014-11-28,8395.0
2014-12-01,8200.0
2014-12-02,8240.0
2014-12-03,8255.0
2014-12-04,8335.0
2014-12-05,8370.0
2014-12-08,8385.0
2014-12-09,8295.0
2014-12-10,8165.0
2014-12-11,8105.0
2014-12-12,8100.0
2014-12-15,8180.0
2014-12-16,8125.0
2014-12-17,8140.0
2014-12-18,8145.0
2014-12-19,8210.0
2014-12-22,8295.0
2014-12-23,8275.0
2014-12-24,8325.0
2014-12-26,8310.0
2014-12-29,8330.0
2014-12-30,8265.0
2015-01-02,8210.0
2015-01-05,8190.0
2015-01-06,7975.0
2015-01-07,8005.0
2015-01-08,8100.0
2015-01-09,8210.0
2015-01-12,8195.0
2015-01-13,8190.0
2015-01-14,8115.0
2015-01-15,8165.0
2015-01-16,8050.0
2015-01-19,8200.0
2015-01-20,8190.0
2015-01-21,8130.0
2015-01-22,8230.0
2015-01-23,8215.0
2015-01-26,8200.0
2015-01-27,8350.0
2015-01-28,8480.0
2015-01-29,8430.0
2015-01-30,8460.0
2015-02-02,8500.0
2015-02-03,8540.0
2015-02-04,8570.0
2015-02-05,8510.0
2015-02-06,8550.0
2015-02-09,8535.0
2015-02-10,8500.0
2015-02-11,8535.0
2015-02-12,8470.0
2015-02-13,8510.0
2015-02-16,8460.0
2015-02-17,8555.0
2015-02-23,8560.0
2015-02-24,8560.0
2015-02-25,8660.0
2015-02-26,8765.0
2015-02-27,8750.0
2015-03-02,8800.0
2015-03-03,8825.0
2015-03-04,8745.0
2015-03-05,8785.0
2015-03-06,8875.0
2015-03-09,8770.0
2015-03-10,8710.0
2015-03-11,8670.0
2015-03-12,8540.0
2015-03-13,8550.0
2015-03-16,8485.0
2015-03-17,8610.0
2015-03-18,8560.0
2015-03-19,8645.0
2015-03-20,8635.0
2015-03-23,8660.0
2015-03-24,8670.0
2015-03-25,8545.0
2015-03-26,8585.0
2015-03-27,8555.0
2015-03-30,8555.0
2015-03-31,8610.0
2015-04-01,8490.0
2015-04-02,8555.0
2015-04-03,8605.0
2015-04-06,8570.0
2015-04-07,8630.0
2015-04-08,8760.0
2015-04-09,8800.0
2015-04-10,8875.0
2015-04-13,8995.0
2015-04-14,9060.0
2015-04-15,9085.0
2015-04-16,9050.0
2015-04-17,9020.0
2015-04-20,9105.0
2015-04-21,9080.0
2015-04-22,9085.0
2015-04-23,9265.0
2015-04-24,9210.0
2015-04-27,9210.0
2015-04-28,9260.0
2015-04-29,9140.0
2015-04-30,9055.0
2015-05-04,8995.0
2015-05-06,8895.0
2015-05-07,8850.0
2015-05-08,8875.0
2015-05-11,8900.0
2015-05-12,8850.0
2015-05-13,8900.0
2015-05-14,8880.0
2015-05-15,8780.0
2015-05-18,8685.0
2015-05-19,8785.0
2015-05-20,8740.0
2015-05-21,8675.0
2015-05-22,8855.0
2015-05-26,8795.0
2015-05-27,8635.0
2015-05-28,8625.0
2015-05-29,8630.0
2015-06-01,8585.0
2015-06-02,8530.0
2015-06-03,8475.0
2015-06-04,8410.0
2015-06-05,8300.0
2015-06-08,8385.0
2015-06-09,8425.0
2015-06-10,8370.0
2015-06-11,8415.0
2015-06-12,8340.0
2015-06-15,8315.0
2015-06-16,8235.0
2015-06-17,8280.0
2015-06-18,8305.0
2015-06-19,8285.0
2015-06-22,8315.0
2015-06-23,8370.0
2015-06-24,8400.0
2015-06-25,8400.0
2015-06-26,8380.0
2015-06-29,8125.0
2015-06-30,8235.0
2015-07-01,8365.0
2015-07-02,8415.0
2015-07-03,8390.0
2015-07-06,8200.0
2015-07-07,8235.0
2015-07-08,8090.0
2015-07-09,8095.0
2015-07-10,8095.0
2015-07-13,8175.0
2015-07-14,8120.0
2015-07-15,8130.0
2015-07-16,8115.0
2015-07-17,7955.0
2015-07-20,7935.0
2015-07-21,8075.0
2015-07-22,7955.0
2015-07-23,7840.0
2015-07-24,7725.0
2015-07-27,7730.0
2015-07-28,7655.0
2015-07-29,7635.0
2015-07-30,7590.0
2015-07-31,7580.0
2015-08-03,7385.0
2015-08-04,7510.0
2015-08-05,7560.0
2015-08-06,7540.0
2015-08-07,7475.0
2015-08-10,7330.0
2015-08-11,7335.0
2015-08-12,7330.0
2015-08-13,7475.0
2015-08-17,7450.0
2015-08-18,7395.0
2015-08-19,7255.0
2015-08-20,7110.0
2015-08-21,6945.0
2015-08-24,6790.0
2015-08-25,6940.0
2015-08-26,7145.0
2015-08-27,7135.0
2015-08-28,7315.0
2015-08-31,7380.0
2015-09-01,7295.0
2015-09-02,7300.0
2015-09-03,7305.0
2015-09-04,7190.0
2015-09-07,7235.0
2015-09-08,7245.0
2015-09-09,7470.0
2015-09-10,7650.0
2015-09-11,7600.0
2015-09-14,7550.0
2015-09-15,7585.0
2015-09-16,7815.0
2015-09-17,7790.0
2015-09-18,7820.0
2015-09-21,7695.0
2015-09-22,7735.0
2015-09-23,7605.0
2015-09-24,7605.0
2015-09-25,7665.0
2015-09-30,7680.0
2015-10-01,7745.0
2015-10-02,7715.0
2015-10-05,7705.0
2015-10-06,7710.0
2015-10-07,7815.0
2015-10-08,7890.0
2015-10-12,8075.0
2015-10-13,8035.0
2015-10-14,7965.0
2015-10-15,8075.0
2015-10-16,7960.0
2015-10-19,8055.0
2015-10-20,8005.0
2015-10-21,8070.0
2015-10-22,7950.0
2015-10-23,7965.0
2015-10-26,8030.0
2015-10-27,8035.0
2015-10-28,7935.0
2015-10-29,7920.0
2015-10-30,7835.0
2015-11-02,7800.0
2015-11-03,7925.0
2015-11-04,8045.0
2015-11-05,8025.0
2015-11-06,7930.0
2015-11-09,7830.0
2015-11-10,7735.0
2015-11-11,7720.0
2015-11-12,7750.0
2015-11-13,7665.0
2015-11-16,7555.0
2015-11-17,7690.0
2015-11-18,7700.0
2015-11-19,7865.0
2015-11-20,7900.0
2015-11-23,7890.0
2015-11-24,7950.0
2015-11-25,7880.0
2015-11-26,7985.0
2015-11-27,7970.0
2015-11-30,7850.0
2015-12-01,7960.0
2015-12-02,7910.0
2015-12-03,7865.0
2015-12-04,7810.0
2015-12-07,7740.0
2015-12-08,7690.0
2015-12-09,7625.0
2015-12-10,7670.0
2015-12-11,7685.0
2015-12-14,7570.0
2015-12-15,7540.0
2015-12-16,7735.0
2015-12-17,7780.0
2015-12-18,7775.0
2015-12-21,7805.0
2015-12-22,7810.0
2015-12-23,7830.0
2015-12-24,7850.0
2015-12-28,7685.0
2015-12-29,7755.0
2015-12-30,7710.0
2016-01-04,7535.0
2016-01-05,7565.0
2016-01-06,7525.0
2016-01-07,7440.0
2016-01-08,7520.0
2016-01-11,7450.0
2016-01-12,7355.0
2016-01-13,7450.0
2016-01-14,7375.0
2016-01-15,7275.0
2016-01-18,7260.0
2016-01-19,7135.0
2016-01-20,6985.0
2016-01-21,7020.0
2016-01-22,7160.0
2016-01-25,7310.0
2016-01-26,7215.0
2016-01-27,7315.0
2016-01-28,7360.0
2016-01-29,7410.0
2016-02-01,7405.0
2016-02-02,7380.0
2016-02-03,7310.0
2016-02-04,7475.0
2016-02-05,7510.0
2016-02-11,7330.0
2016-02-12,7280.0
2016-02-15,7465.0
2016-02-16,7630.0
2016-02-17,7635.0
2016-02-18,7740.0
2016-02-19,7755.0
2016-02-22,7760.0
2016-02-23,7850.0
2016-02-24,7845.0
2016-02-25,7815.0
2016-02-26,7820.0
2016-02-29,7835.0
2016-03-02,7970.0
2016-03-03,8015.0
2016-03-04,8145.0
2016-03-07,8255.0
2016-03-08,8255.0
2016-03-09,8230.0
2016-03-10,8335.0
2016-03-11,8290.0
2016-03-14,8215.0
2016-03-15,8175.0
2016-03-16,8125.0
2016-03-17,8275.0
2016-03-18,8285.0
2016-03-21,8260.0
2016-03-22,8310.0
2016-03-23,8290.0
2016-03-24,8220.0
2016-03-25,8165.0
2016-03-28,8220.0
2016-03-29,8310.0
2016-03-30,8360.0
2016-03-31,8290.0
2016-04-01,8185.0
2016-04-04,8155.0
2016-04-05,8090.0
2016-04-06,8105.0
2016-04-07,8200.0
2016-04-08,8225.0
2016-04-11,8285.0
2016-04-12,8375.0
2016-04-14,8640.0
2016-04-15,8545.0
2016-04-18,8485.0
2016-04-19,8495.0
2016-04-20,8570.0
2016-04-21,8550.0
2016-04-22,8495.0
2016-04-25,8405.0
2016-04-26,8390.0
2016-04-27,8430.0
2016-04-28,8325.0
2016-04-29,8260.0
2016-05-02,8195.0
2016-05-03,8190.0
2016-05-04,8040.0
2016-05-09,7925.0
2016-05-10,7960.0
2016-05-11,7955.0
2016-05-12,8040.0
2016-05-13,7955.0
2016-05-16,7925.0
2016-05-17,7935.0
2016-05-18,7890.0
2016-05-19,7840.0
2016-05-20,7810.0
2016-05-23,7855.0
2016-05-24,7805.0
2016-05-25,7830.0
2016-05-26,7840.0
2016-05-27,7935.0
2016-05-30,7910.0
2016-05-31,8005.0
2016-06-01,8010.0
2016-06-02,7955.0
2016-06-03,7945.0
2016-06-07,8025.0
2016-06-08,8145.0
2016-06-09,8090.0
2016-06-10,8175.0
2016-06-13,8070.0
2016-06-14,7940.0
2016-06-15,7895.0
2016-06-16,7895.0
2016-06-17,7825.0
2016-06-20,7965.0
2016-06-21,7880.0
2016-06-22,7990.0
2016-06-23,7965.0
2016-06-24,7580.0
2016-06-27,7575.0
2016-06-28,7635.0
2016-06-29,7815.0
2016-06-30,7830.0
2016-07-01,7840.0
2016-07-04,7910.0
2016-07-05,7850.0
2016-07-06,7710.0
2016-07-07,7825.0
2016-07-08,7740.0
2016-07-11,7875.0
2016-07-12,7910.0
2016-07-13,7990.0
2016-07-14,8000.0
2016-07-15,8070.0
2016-07-18,8045.0
2016-07-19,8000.0
2016-07-20,8010.0
2016-07-21,8020.0
2016-07-22,8055.0
2016-07-25,8025.0
2016-07-26,8055.0
2016-07-27,8120.0
2016-07-28,8145.0
2016-07-29,8145.0
2016-08-01,8230.0
2016-08-02,8160.0
2016-08-03,8075.0
2016-08-04,8030.0
2016-08-05,8150.0
2016-08-08,8120.0
2016-08-09,8230.0
2016-08-10,8220.0
2016-08-11,8205.0
2016-08-12,8260.0
2016-08-16,8265.0
2016-08-17,8265.0
2016-08-18,8350.0
2016-08-19,8320.0
2016-08-22,8280.0
2016-08-23,8200.0
2016-08-24,8255.0
2016-08-25,8250.0
2016-08-26,8225.0
2016-08-29,8125.0
2016-08-30,8140.0
2016-08-31,8155.0
2016-09-01,8130.0
2016-09-02,8140.0
2016-09-05,8315.0
2016-09-06,8335.0
2016-09-07,8395.0
2016-09-08,8320.0
2016-09-09,8245.0
2016-09-12,8135.0
2016-09-13,8085.0
2016-09-19,8075.0
2016-09-20,8075.0
2016-09-21,8115.0
2016-09-22,8195.0
2016-09-23,8215.0
2016-09-26,8205.0
2016-09-27,8310.0
2016-09-28,8290.0
2016-09-29,8360.0
2016-09-30,8250.0
2016-10-04,8295.0
2016-10-05,8255.0
2016-10-06,8255.0
2016-10-07,8275.0
2016-10-10,8265.0
2016-10-11,8285.0
2016-10-12,8350.0
2016-10-13,8235.0
2016-10-14,8210.0
2016-10-17,8205.0
2016-10-18,8250.0
2016-10-19,8205.0
2016-10-20,8210.0
2016-10-21,8250.0
2016-10-24,8270.0
2016-10-25,8255.0
2016-10-26,8060.0
2016-10-27,8105.0
2016-10-28,8030.0
2016-10-31,7925.0
2016-11-01,7915.0
2016-11-02,7835.0
2016-11-03,7875.0
2016-11-04,7825.0
2016-11-07,7960.0
2016-11-08,8000.0
2016-11-09,7715.0
2016-11-10,7910.0
2016-11-11,7920.0
2016-11-14,7990.0
2016-11-15,7995.0
2016-11-16,8060.0
2016-11-17,8080.0
2016-11-18,7945.0
2016-11-21,7935.0
2016-11-22,7950.0
2016-11-23,8035.0
2016-11-24,7885.0
2016-11-25,7910.0
2016-11-28,7885.0
2016-11-29,7925.0
2016-11-30,7820.0
2016-12-01,7910.0
2016-12-02,7895.0
2016-12-05,7850.0
2016-12-06,7990.0
2016-12-07,8005.0
2016-12-08,8095.0
2016-12-09,8120.0
2016-12-12,8175.0
2016-12-13,8180.0
2016-12-14,8195.0
2016-12-15,8235.0
2016-12-16,8185.0
2016-12-19,8185.0
2016-12-20,8180.0
2016-12-21,8235.0
2016-12-22,8220.0
2016-12-23,8190.0
2016-12-26,8220.0
2016-12-27,8255.0
2016-12-28,8275.0
2016-12-29,8325.0
2017-01-02,8380.0
2017-01-03,8475.0
2017-01-04,8430.0
2017-01-05,8485.0
2017-01-06,8520.0
2017-01-09,8465.0
2017-01-10,8460.0
2017-01-11,8610.0
2017-01-12,8645.0
2017-01-13,8640.0
2017-01-16,8605.0
2017-01-17,8690.0
2017-01-18,8670.0
2017-01-19,8580.0
2017-01-20,8575.0
2017-01-23,8580.0
2017-01-24,8505.0
2017-01-25,8480.0
2017-01-26,8500.0
2017-01-31,8420.0
2017-02-01,8505.0
2017-02-02,8535.0
2017-02-03,8460.0
2017-02-06,8445.0
2017-02-07,8435.0
2017-02-08,8415.0
2017-02-09,8430.0
2017-02-10,8525.0
2017-02-13,8635.0
2017-02-14,8685.0
2017-02-15,8720.0
2017-02-16,8625.0
2017-02-17,8655.0
2017-02-20,8590.0
2017-02-21,8660.0
2017-02-22,8680.0
2017-02-23,8680.0
2017-02-24,8575.0
2017-02-27,8615.0
2017-02-28,8620.0
2017-03-02,8545.0
2017-03-03,8470.0
2017-03-06,8460.0
2017-03-07,8545.0
2017-03-08,8625.0
2017-03-09,8590.0
2017-03-10,8505.0
2017-03-13,8585.0
2017-03-14,8630.0
2017-03-15,8560.0
2017-03-16,8710.0
2017-03-17,8760.0
2017-03-20,8765.0
2017-03-21,8835.0
2017-03-22,8750.0
2017-03-23,8875.0
2017-03-24,8815.0
2017-03-27,8780.0
2017-03-28,8795.0
2017-03-29,8845.0
2017-03-30,8785.0
2017-03-31,8900.0
2017-04-03,8815.0
2017-04-04,8750.0
2017-04-05,8755.0
2017-04-06,8720.0
2017-04-07,8740.0
2017-04-10,8625.0
2017-04-11,8675.0
2017-04-12,8720.0
2017-04-13,8720.0
2017-04-14,8655.0
2017-04-17,8690.0
2017-04-18,8675.0
2017-04-19,8620.0
2017-04-20,8660.0
2017-04-21,8735.0
2017-04-24,8730.0
2017-04-25,8835.0
2017-04-26,8930.0
2017-04-27,8800.0
2017-04-28,8730.0
2017-05-02,8760.0
2017-05-04,8805.0
2017-05-08,8945.0
2017-05-10,8940.0
2017-05-11,9085.0
2017-05-12,9100.0
2017-05-15,9040.0
2017-05-16,9125.0
2017-05-17,9065.0
2017-05-18,9095.0
2017-05-19,9125.0
2017-05-22,9270.0
2017-05-23,9290.0
2017-05-24,9320.0
2017-05-25,9470.0
2017-05-26,9480.0
2017-05-29,9530.0
2017-05-30,9545.0
2017-05-31,9505.0
2017-06-01,9505.0
2017-06-02,9520.0
2017-06-05,9475.0
2017-06-07,9460.0
2017-06-08,9560.0
2017-06-09,9605.0
2017-06-12,9520.0
2017-06-13,9670.0
2017-06-14,9715.0
2017-06-15,9605.0
2017-06-16,9650.0
2017-06-19,9625.0
2017-06-20,9550.0
2017-06-21,9545.0
2017-06-22,9540.0
2017-06-23,9590.0
2017-06-26,9600.0
2017-06-27,9565.0
2017-06-28,9525.0
2017-06-29,9615.0
2017-06-30,9660.0
2017-07-03,9680.0
2017-07-04,9620.0
2017-07-05,9640.0
2017-07-06,9615.0
2017-07-07,9585.0
2017-07-10,9540.0
2017-07-11,9580.0
2017-07-12,9530.0
2017-07-13,9615.0
2017-07-14,9650.0
2017-07-17,9725.0
2017-07-18,9690.0
2017-07-19,9710.0
2017-07-20,9800.0
2017-07-21,9785.0
2017-07-24,9775.0
2017-07-25,9770.0
2017-07-26,9780.0
2017-07-27,9845.0
2017-07-28,9735.0
2017-07-31,9730.0
2017-08-01,9830.0
2017-08-02,9865.0
2017-08-03,9795.0
2017-08-04,9930.0
2017-08-07,9905.0
2017-08-08,9855.0
2017-08-09,9805.0
2017-08-10,9860.0
2017-08-11,9660.0
2017-08-14,9775.0
2017-08-16,9705.0
2017-08-17,9805.0
2017-08-18,9765.0
2017-08-21,9735.0
2017-08-22,9820.0
2017-08-23,9800.0
2017-08-24,9815.0
2017-08-25,9870.0
2017-08-28,9860.0
2017-08-29,9830.0
2017-08-30,9925.0
2017-08-31,9915.0
2017-09-01,9890.0
2017-09-04,9830.0
2017-09-05,9765.0
2017-09-06,9775.0
2017-09-07,9805.0
2017-09-08,9720.0
2017-09-11,9785.0
2017-09-12,9870.0
2017-09-13,9950.0
2017-09-14,9885.0
2017-09-15,9945.0
2017-09-18,9950.0
2017-09-19,10000.0
2017-09-20,9955.0
2017-09-21,9835.0
2017-09-22,9640.0
2017-09-25,9550.0
2017-09-26,9690.0
2017-09-27,9705.0
2017-09-28,9685.0
2017-09-29,9780.0
2017-10-10,9830.0
2017-10-11,9925.0
2017-10-12,9925.0
2017-10-13,9930.0
2017-10-16,9960.0
2017-10-17,10010.0
2017-10-18,9985.0
2017-10-19,9990.0
2017-10-20,10025.0
2017-10-23,10085.0
2017-10-24,10060.0
2017-10-25,10040.0
2017-10-26,9995.0
2017-10-27,10080.0
2017-10-30,10025.0
2017-10-31,10095.0
2017-11-01,10170.0
2017-11-02,10175.0
2017-11-03,10250.0
2017-11-06,10195.0
2017-11-07,10210.0
2017-11-08,10180.0
2017-11-09,10235.0
2017-11-10,10145.0
2017-11-13,10065.0
2017-11-14,10020.0
2017-11-15,9910.0
2017-11-16,9985.0
2017-11-17,9985.0
2017-11-20,9975.0
2017-11-21,10025.0
2017-11-22,10065.0
2017-11-23,10100.0
2017-11-24,10080.0
2017-11-27,10010.0
2017-11-28,9995.0
2017-11-29,10080.0
2017-11-30,10035.0
2017-12-01,9995.0
2017-12-04,10005.0
2017-12-05,10150.0
2017-12-06,9930.0
2017-12-07,9835.0
2017-12-08,9755.0
2017-12-11,9785.0
2017-12-12,9755.0
2017-12-13,9845.0
2017-12-14,9820.0
2017-12-15,9935.0
2017-12-18,9925.0
2017-12-19,9860.0
2017-12-20,9900.0
2017-12-21,9795.0
2017-12-22,9835.0
2017-12-26,9865.0
2017-12-27,9855.0
2017-12-28,10045.0
2018-01-02,10155.0
2018-01-03,10205.0
2018-01-04,10120.0
2018-01-05,10225.0
2018-01-08,10305.0
2018-01-09,10330.0
2018-01-10,10520.0
2018-01-11,10450.0
2018-01-12,10415.0
2018-01-15,10420.0
2018-01-16,10465.0
2018-01-17,10355.0
2018-01-18,10310.0
2018-01-19,10355.0
2018-01-22,10405.0
2018-01-23,10480.0
2018-01-24,10550.0
2018-01-25,10730.0
2018-01-26,10690.0
2018-01-29,10785.0
2018-01-30,10750.0
2018-01-31,10685.0
2018-02-01,10660.0
2018-02-02,10575.0
2018-02-05,10345.0
2018-02-06,10180.0
2018-02-07,9905.0
2018-02-08,10040.0
2018-02-09,9875.0
2018-02-12,9885.0
2018-02-13,9835.0
2018-02-14,9900.0
2018-02-19,10080.0
2018-02-20,10015.0
2018-02-21,10015.0
2018-02-22,9980.0
2018-02-23,10100.0
2018-02-26,10200.0
2018-02-27,10170.0
2018-02-28,10060.0
2018-03-02,9890.0
2018-03-05,9730.0
2018-03-06,9895.0
2018-03-07,9795.0
2018-03-08,9925.0
2018-03-09,10015.0
2018-03-12,10220.0
2018-03-13,10140.0
2018-03-14,10105.0
2018-03-15,10095.0
2018-03-16,10115.0
2018-03-19,10060.0
2018-03-20,10090.0
2018-03-21,10130.0
2018-03-22,10155.0
2018-03-23,9875.0
2018-03-26,9990.0
2018-03-27,10075.0
2018-03-28,10055.0
2018-03-29,9990.0
2018-03-30,10010.0
2018-04-02,9950.0
2018-04-03,9940.0
2018-04-04,9785.0
2018-04-05,9910.0
2018-04-06,9865.0
2018-04-09,9815.0
2018-04-10,9780.0
2018-04-11,9785.0
2018-04-12,9880.0
2018-04-13,9800.0
2018-04-16,9805.0
2018-04-17,9825.0
2018-04-18,9965.0
2018-04-19,9995.0
2018-04-20,10005.0
2018-04-23,10010.0
2018-04-24,9925.0
2018-04-25,9755.0
2018-04-26,9865.0
2018-04-27,9795.0
2018-04-30,10005.0
2018-05-02,9975.0
2018-05-03,9955.0
2018-05-04,9985.0
2018-05-08,9905.0
2018-05-09,9910.0
2018-05-10,10050.0
2018-05-11,10185.0
2018-05-14,10280.0
2018-05-15,10240.0
2018-05-16,10115.0
2018-05-17,10040.0
2018-05-18,10115.0
2018-05-21,10140.0
2018-05-23,10035.0
2018-05-24,9990.0
2018-05-25,9810.0
2018-05-28,10000.0
2018-05-29,9900.0
2018-05-30,9815.0
2018-05-31,9875.0
2018-06-01,9855.0
2018-06-04,9935.0
2018-06-05,9990.0
2018-06-07,10050.0
2018-06-08,9930.0
2018-06-11,10085.0
2018-06-12,10070.0
2018-06-14,9850.0
2018-06-15,9735.0
2018-06-18,9560.0
2018-06-19,9345.0
2018-06-20,9460.0
2018-06-21,9385.0
2018-06-22,9400.0
2018-06-25,9555.0
2018-06-26,9470.0
2018-06-27,9305.0
2018-06-28,9270.0
2018-06-29,9330.0
2018-07-02,9000.0
2018-07-03,8975.0
2018-07-04,8930.0
2018-07-05,8940.0
2018-07-06,9170.0
2018-07-09,9155.0
2018-07-10,9155.0
2018-07-11,9095.0
2018-07-12,9165.0
2018-07-13,9270.0
2018-07-16,9255.0
2018-07-17,9260.0
2018-07-18,9170.0
2018-07-19,9150.0
2018-07-20,9195.0
2018-07-23,9175.0
2018-07-24,9265.0
2018-07-25,9330.0
2018-07-26,9420.0
2018-07-27,9460.0
2018-07-30,9455.0
2018-07-31,9485.0
2018-08-01,9480.0
2018-08-02,9310.0
2018-08-03,9485.0
2018-08-06,9450.0
2018-08-07,9485.0
2018-08-08,9430.0
2018-08-09,9465.0
2018-08-10,9460.0
2018-08-13,9260.0
2018-08-14,9380.0
2018-08-16,9365.0
2018-08-17,9385.0
2018-08-20,9510.0
2018-08-21,9495.0
2018-08-22,9420.0
2018-08-23,9390.0
2018-08-24,9450.0
2018-08-27,9420.0
2018-08-28,9545.0
2018-08-29,9555.0
2018-08-30,9510.0
2018-08-31,9495.0
2018-09-03,9460.0
2018-09-04,9510.0
2018-09-05,9470.0
2018-09-06,9455.0
2018-09-07,9545.0
2018-09-10,9550.0
2018-09-11,9500.0
2018-09-12,9545.0
2018-09-13,9620.0
2018-09-14,9635.0
2018-09-17,9560.0
2018-09-18,9625.0
2018-09-19,9590.0
2018-09-20,9630.0
2018-09-21,9660.0
2018-09-27,9765.0
2018-09-28,9790.0
2018-10-01,9740.0
2018-10-02,9705.0
2018-10-04,9590.0
2018-10-05,9570.0
2018-10-08,9440.0
2018-10-10,9265.0
2018-10-11,8925.0
2018-10-12,9020.0
2018-10-15,8935.0
2018-10-16,8995.0
2018-10-17,9060.0
2018-10-18,8945.0
2018-10-19,8920.0
2018-10-22,8905.0
2018-10-23,8605.0
2018-10-24,8650.0
2018-10-25,8545.0
2018-10-26,8385.0
2018-10-29,8210.0
2018-10-30,8330.0
2018-10-31,8470.0
2018-11-01,8360.0
2018-11-02,8695.0
2018-11-05,8610.0
2018-11-06,8690.0
2018-11-07,8560.0
2018-11-08,8700.0
2018-11-09,8650.0
2018-11-12,8630.0
2018-11-13,8660.0
2018-11-14,8560.0
2018-11-15,8730.0
2018-11-16,8770.0
2018-11-19,8850.0
2018-11-20,8765.0
2018-11-21,8765.0
2018-11-22,8655.0
2018-11-23,8615.0
2018-11-26,8685.0
2018-11-27,8760.0
2018-11-28,8795.0
2018-11-29,8810.0
2018-11-30,8845.0
2018-12-03,8990.0
2018-12-04,8965.0
2018-12-05,8875.0
2018-12-06,8765.0
2018-12-07,8750.0
2018-12-10,8605.0
2018-12-11,8610.0
2018-12-12,8835.0
2018-12-13,8970.0
2018-12-14,8890.0
2018-12-17,8910.0
2018-12-18,8865.0
2018-12-19,8880.0
2018-12-20,8795.0
2018-12-21,8795.0
2018-12-24,8755.0
2018-12-26,8595.0
2018-12-27,8770.0
2018-12-28,8800.0
2019-01-02,8615.0
2019-01-03,8515.0
2019-01-04,8625.0
2019-01-07,8785.0
2019-01-08,8695.0
2019-01-09,8940.0
2019-01-10,8940.0
2019-01-11,8965.0
2019-01-14,8920.0
2019-01-15,9075.0
2019-01-16,9110.0
2019-01-17,9085.0
2019-01-18,9170.0
2019-01-21,9230.0
2019-01-22,9165.0
2019-01-23,9195.0
2019-01-24,9175.0
2019-01-25,9285.0
2019-01-28,9315.0
2019-01-29,9330.0
2019-01-30,9425.0
2019-01-31,9385.0
2019-02-01,9320.0
2019-02-07,9335.0
2019-02-08,9195.0
2019-02-11,9215.0
2019-02-12,9260.0
2019-02-13,9275.0
2019-02-14,9220.0
2019-02-15,9190.0
2019-02-18,9280.0
2019-02-19,9300.0
2019-02-20,9350.0
2019-02-21,9365.0
2019-02-22,9390.0
2019-02-25,9395.0
2019-02-26,9445.0
2019-02-27,9460.0
2019-02-28,9360.0
2019-03-04,9260.0
2019-03-05,9155.0
2019-03-06,9210.0
2019-03-07,9080.0
2019-03-08,8955.0
2019-03-11,8945.0
2019-03-12,9020.0
2019-03-13,8985.0
2019-03-14,9050.0
2019-03-15,9110.0
2019-03-18,9150.0
2019-03-19,9080.0
