Date,KODEX 자동차
2014-01-13,21305.0
2014-01-14,21350.0
2014-01-15,21440.0
2014-01-16,21370.0
2014-01-17,21200.0
2014-01-20,21325.0
2014-01-21,21675.0
2014-01-22,21860.0
2014-01-23,21850.0
2014-01-24,21530.0
2014-01-27,21450.0
2014-01-28,21915.0
2014-01-29,22105.0
2014-02-03,21655.0
2014-02-04,21340.0
2014-02-05,21645.0
2014-02-06,21590.0
2014-02-07,21925.0
2014-02-10,21955.0
2014-02-11,21860.0
2014-02-12,21735.0
2014-02-13,21800.0
2014-02-14,22075.0
2014-02-17,21875.0
2014-02-18,21790.0
2014-02-19,21680.0
2014-02-20,21600.0
2014-02-21,21935.0
2014-02-24,21850.0
2014-02-25,22130.0
2014-02-26,22315.0
2014-02-27,22400.0
2014-02-28,22635.0
2014-03-03,22630.0
2014-03-04,22295.0
2014-03-05,22485.0
2014-03-06,22360.0
2014-03-07,22175.0
2014-03-10,21915.0
2014-03-11,22170.0
2014-03-12,21950.0
2014-03-13,21785.0
2014-03-14,21685.0
2014-03-17,22005.0
2014-03-18,22200.0
2014-03-19,22240.0
2014-03-20,21980.0
2014-03-21,22250.0
2014-03-24,22340.0
2014-03-25,22355.0
2014-03-26,22755.0
2014-03-27,23000.0
2014-03-28,22960.0
2014-03-31,23160.0
2014-04-01,23095.0
2014-04-02,23325.0
2014-04-03,22955.0
2014-04-04,23100.0
2014-04-07,22920.0
2014-04-08,22935.0
2014-04-09,22605.0
2014-04-10,22450.0
2014-04-11,22435.0
2014-04-14,22575.0
2014-04-15,22410.0
2014-04-16,22415.0
2014-04-17,22445.0
2014-04-18,22595.0
2014-04-21,22410.0
2014-04-22,22500.0
2014-04-23,22400.0
2014-04-24,22410.0
2014-04-25,22030.0
2014-04-28,22220.0
2014-04-29,22060.0
2014-04-30,21890.0
2014-05-02,21540.0
2014-05-07,21360.0
2014-05-08,21710.0
2014-05-09,21715.0
2014-05-12,21610.0
2014-05-13,21825.0
2014-05-14,22310.0
2014-05-15,22350.0
2014-05-16,22030.0
2014-05-19,22065.0
2014-05-20,21845.0
2014-05-21,21960.0
2014-05-22,22060.0
2014-05-23,22130.0
2014-05-26,22105.0
2014-05-27,21930.0
2014-05-28,22040.0
2014-05-29,21905.0
2014-05-30,21850.0
2014-06-02,21785.0
2014-06-03,21850.0
2014-06-05,21720.0
2014-06-09,21785.0
2014-06-10,21840.0
2014-06-11,21905.0
2014-06-12,21950.0
2014-06-13,21940.0
2014-06-16,21820.0
2014-06-17,22105.0
2014-06-18,21765.0
2014-06-19,21830.0
2014-06-20,21405.0
2014-06-23,21300.0
2014-06-24,21465.0
2014-06-25,21515.0
2014-06-26,21765.0
2014-06-27,21830.0
2014-06-30,21935.0
2014-07-01,21650.0
2014-07-02,21650.0
2014-07-03,21650.0
2014-07-04,21670.0
2014-07-07,21510.0
2014-07-08,21470.0
2014-07-09,21455.0
2014-07-10,21585.0
2014-07-11,21320.0
2014-07-14,21330.0
2014-07-15,21745.0
2014-07-16,21965.0
2014-07-17,21970.0
2014-07-18,22025.0
2014-07-21,21765.0
2014-07-22,21855.0
2014-07-23,21680.0
2014-07-24,21765.0
2014-07-25,21905.0
2014-07-28,21840.0
2014-07-29,22535.0
2014-07-30,22700.0
2014-07-31,22910.0
2014-08-01,22870.0
2014-08-04,22715.0
2014-08-05,22505.0
2014-08-06,22205.0
2014-08-07,22250.0
2014-08-08,22030.0
2014-08-11,22115.0
2014-08-12,22090.0
2014-08-13,22405.0
2014-08-14,22185.0
2014-08-18,21955.0
2014-08-19,22170.0
2014-08-20,22255.0
2014-08-21,21900.0
2014-08-22,22090.0
2014-08-25,21980.0
2014-08-26,22100.0
2014-08-27,22250.0
2014-08-28,22165.0
2014-08-29,22515.0
2014-09-01,22330.0
2014-09-02,22060.0
2014-09-03,21795.0
2014-09-04,21695.0
2014-09-05,21440.0
2014-09-11,21340.0
2014-09-12,21645.0
2014-09-15,21715.0
2014-09-16,21740.0
2014-09-17,21745.0
2014-09-18,20540.0
2014-09-19,20620.0
2014-09-22,20445.0
2014-09-23,20250.0
2014-09-24,20250.0
2014-09-25,20310.0
2014-09-26,20010.0
2014-09-29,20070.0
2014-09-30,20215.0
2014-10-01,20070.0
2014-10-02,19680.0
2014-10-06,19835.0
2014-10-07,19970.0
2014-10-08,19820.0
2014-10-10,19925.0
2014-10-13,19755.0
2014-10-14,19410.0
2014-10-15,19285.0
2014-10-16,18740.0
2014-10-17,18665.0
2014-10-20,19080.0
2014-10-21,18905.0
2014-10-22,18655.0
2014-10-23,19110.0
2014-10-24,19200.0
2014-10-27,19395.0
2014-10-28,19205.0
2014-10-29,19240.0
2014-10-30,19300.0
2014-10-31,19200.0
2014-11-03,18365.0
2014-11-04,18165.0
2014-11-05,17930.0
2014-11-06,18555.0
2014-11-07,18720.0
2014-11-10,19040.0
2014-11-11,19285.0
2014-11-12,19260.0
2014-11-13,19330.0
2014-11-14,19290.0
2014-11-17,19285.0
2014-11-18,19385.0
2014-11-19,19335.0
2014-11-20,19105.0
2014-11-21,18995.0
2014-11-24,19315.0
2014-11-25,19380.0
2014-11-26,19345.0
2014-11-27,19540.0
2014-11-28,19540.0
2014-12-01,19575.0
2014-12-02,19240.0
2014-12-03,19330.0
2014-12-04,20005.0
2014-12-05,20170.0
2014-12-08,19900.0
2014-12-09,19550.0
2014-12-10,19400.0
2014-12-11,19125.0
2014-12-12,19305.0
2014-12-15,19260.0
2014-12-16,19210.0
2014-12-17,18670.0
2014-12-18,18610.0
2014-12-19,18750.0
2014-12-22,18880.0
2014-12-23,18955.0
2014-12-24,19150.0
2014-12-26,19100.0
2014-12-29,19150.0
2014-12-30,18930.0
2015-01-02,18955.0
2015-01-05,18800.0
2015-01-06,18430.0
2015-01-07,18690.0
2015-01-08,18910.0
2015-01-09,19215.0
2015-01-12,19145.0
2015-01-13,19730.0
2015-01-14,19400.0
2015-01-15,19360.0
2015-01-16,19120.0
2015-01-19,19140.0
2015-01-20,19190.0
2015-01-21,18795.0
2015-01-22,18735.0
2015-01-23,18755.0
2015-01-26,18445.0
2015-01-27,18430.0
2015-01-28,18450.0
2015-01-29,18550.0
2015-01-30,18605.0
2015-02-02,18565.0
2015-02-03,18190.0
2015-02-04,18340.0
2015-02-05,18350.0
2015-02-06,17955.0
2015-02-09,17510.0
2015-02-10,17510.0
2015-02-11,17640.0
2015-02-12,17640.0
2015-02-13,17790.0
2015-02-16,17740.0
2015-02-17,18000.0
2015-02-23,18120.0
2015-02-24,18125.0
2015-02-25,18245.0
2015-02-26,18185.0
2015-02-27,18020.0
2015-03-02,18030.0
2015-03-03,18470.0
2015-03-04,18380.0
2015-03-05,18500.0
2015-03-06,18890.0
2015-03-09,18590.0
2015-03-10,18695.0
2015-03-11,18820.0
2015-03-12,18510.0
2015-03-13,18410.0
2015-03-16,18605.0
2015-03-17,18925.0
2015-03-18,18940.0
2015-03-19,18970.0
2015-03-20,18640.0
2015-03-23,18470.0
2015-03-24,18245.0
2015-03-25,17845.0
2015-03-26,17905.0
2015-03-27,17865.0
2015-03-30,17860.0
2015-03-31,17945.0
2015-04-01,17650.0
2015-04-02,17555.0
2015-04-03,17715.0
2015-04-06,17420.0
2015-04-07,17445.0
2015-04-08,17495.0
2015-04-09,17375.0
2015-04-10,17725.0
2015-04-13,17650.0
2015-04-14,18010.0
2015-04-15,18050.0
2015-04-16,17915.0
2015-04-17,18180.0
2015-04-20,18230.0
2015-04-21,18085.0
2015-04-22,18030.0
2015-04-23,18600.0
2015-04-24,18855.0
2015-04-27,18920.0
2015-04-28,18600.0
2015-04-29,18400.0
2015-04-30,18250.0
2015-05-04,18340.0
2015-05-06,18250.0
2015-05-07,18215.0
2015-05-08,18330.0
2015-05-11,18050.0
2015-05-12,18085.0
2015-05-13,17930.0
2015-05-14,17800.0
2015-05-15,17645.0
2015-05-18,17435.0
2015-05-19,17400.0
2015-05-20,17500.0
2015-05-21,17310.0
2015-05-22,17570.0
2015-05-26,17325.0
2015-05-27,17065.0
2015-05-28,17080.0
2015-05-29,17220.0
2015-06-01,16965.0
2015-06-02,15840.0
2015-06-03,15675.0
2015-06-04,15670.0
2015-06-05,15700.0
2015-06-08,15475.0
2015-06-09,15470.0
2015-06-10,15480.0
2015-06-11,16030.0
2015-06-12,15875.0
2015-06-15,15940.0
2015-06-16,15660.0
2015-06-17,15665.0
2015-06-18,15465.0
2015-06-19,15485.0
2015-06-22,15585.0
2015-06-23,15535.0
2015-06-24,15800.0
2015-06-25,15700.0
2015-06-26,15745.0
2015-06-29,15560.0
2015-06-30,15700.0
2015-07-01,15725.0
2015-07-02,15550.0
2015-07-03,15470.0
2015-07-06,15185.0
2015-07-07,15240.0
2015-07-08,15095.0
2015-07-09,14905.0
2015-07-10,14450.0
2015-07-13,14560.0
2015-07-14,14590.0
2015-07-15,14800.0
2015-07-16,14735.0
2015-07-17,14280.0
2015-07-20,14430.0
2015-07-21,14905.0
2015-07-22,14850.0
2015-07-23,15200.0
2015-07-24,15150.0
2015-07-27,15725.0
2015-07-28,15680.0
2015-07-29,15590.0
2015-07-30,15790.0
2015-07-31,15840.0
2015-08-03,15415.0
2015-08-04,15485.0
2015-08-05,15620.0
2015-08-06,15230.0
2015-08-07,15160.0
2015-08-10,15205.0
2015-08-11,15055.0
2015-08-12,15605.0
2015-08-13,15460.0
2015-08-17,15465.0
2015-08-18,15810.0
2015-08-19,15965.0
2015-08-20,15760.0
2015-08-21,15405.0
2015-08-24,14990.0
2015-08-25,15475.0
2015-08-26,15780.0
2015-08-27,15625.0
2015-08-28,15620.0
2015-08-31,15910.0
2015-09-01,15690.0
2015-09-02,16055.0
2015-09-03,16045.0
2015-09-04,15910.0
2015-09-07,16115.0
2015-09-08,16420.0
2015-09-09,16530.0
2015-09-10,16760.0
2015-09-11,16605.0
2015-09-14,16520.0
2015-09-15,16685.0
2015-09-16,17180.0
2015-09-17,17090.0
2015-09-18,17090.0
2015-09-21,16750.0
2015-09-22,17300.0
2015-09-23,16780.0
2015-09-24,16845.0
2015-09-25,17140.0
2015-09-30,17575.0
2015-10-01,17900.0
2015-10-02,17855.0
2015-10-05,17580.0
2015-10-06,17115.0
2015-10-07,17315.0
2015-10-08,17565.0
2015-10-12,17480.0
2015-10-13,17840.0
2015-10-14,17980.0
2015-10-15,17890.0
2015-10-16,17535.0
2015-10-19,17650.0
2015-10-20,17805.0
2015-10-21,17825.0
2015-10-22,17730.0
2015-10-23,17645.0
2015-10-26,17970.0
2015-10-27,18000.0
2015-10-28,17805.0
2015-10-29,17680.0
2015-10-30,17920.0
2015-11-02,17970.0
2015-11-03,18605.0
2015-11-04,18715.0
2015-11-05,18780.0
2015-11-06,18570.0
2015-11-09,18735.0
2015-11-10,18665.0
2015-11-11,18550.0
2015-11-12,18570.0
2015-11-13,18275.0
2015-11-16,18160.0
2015-11-17,18075.0
2015-11-18,18280.0
2015-11-19,18460.0
2015-11-20,18325.0
2015-11-23,18120.0
2015-11-24,18100.0
2015-11-25,17895.0
2015-11-26,17975.0
2015-11-27,17870.0
2015-11-30,17665.0
2015-12-01,18140.0
2015-12-02,18045.0
2015-12-03,17905.0
2015-12-04,17805.0
2015-12-07,17665.0
2015-12-08,17565.0
2015-12-09,17515.0
2015-12-10,17700.0
2015-12-11,17515.0
2015-12-14,17790.0
2015-12-15,17770.0
2015-12-16,18110.0
2015-12-17,18250.0
2015-12-18,18315.0
2015-12-21,18160.0
2015-12-22,18240.0
2015-12-23,18170.0
2015-12-24,18105.0
2015-12-28,17950.0
2015-12-29,18075.0
2015-12-30,18080.0
2016-01-04,17530.0
2016-01-05,17610.0
2016-01-06,17250.0
2016-01-07,17190.0
2016-01-08,17100.0
2016-01-11,17330.0
2016-01-12,17380.0
2016-01-13,17440.0
2016-01-14,17470.0
2016-01-15,17395.0
2016-01-18,17160.0
2016-01-19,17185.0
2016-01-20,16750.0
2016-01-21,16740.0
2016-01-22,17080.0
2016-01-25,17240.0
2016-01-26,17070.0
2016-01-27,17365.0
2016-01-28,17580.0
2016-01-29,17170.0
2016-02-01,16855.0
2016-02-02,16510.0
2016-02-03,16570.0
2016-02-04,16800.0
2016-02-05,16815.0
2016-02-11,16555.0
2016-02-12,17180.0
2016-02-15,17255.0
2016-02-16,17375.0
2016-02-17,17725.0
2016-02-18,17675.0
2016-02-19,17900.0
2016-02-22,17815.0
2016-02-23,17910.0
2016-02-24,17970.0
2016-02-25,17835.0
2016-02-26,17835.0
2016-02-29,17810.0
2016-03-02,17930.0
2016-03-03,17825.0
2016-03-04,17745.0
2016-03-07,17855.0
2016-03-08,17880.0
2016-03-09,18160.0
2016-03-10,18110.0
2016-03-11,17960.0
2016-03-14,17900.0
2016-03-15,17760.0
2016-03-16,17710.0
2016-03-17,17945.0
2016-03-18,17995.0
2016-03-21,18240.0
2016-03-22,18730.0
2016-03-23,18535.0
2016-03-24,18385.0
2016-03-25,18220.0
2016-03-28,18240.0
2016-03-29,18380.0
2016-03-30,18420.0
2016-03-31,18145.0
2016-04-01,17660.0
2016-04-04,17305.0
2016-04-05,17275.0
2016-04-06,17290.0
2016-04-07,17395.0
2016-04-08,17350.0
2016-04-11,17485.0
2016-04-12,17530.0
2016-04-14,17960.0
2016-04-15,17965.0
2016-04-18,18225.0
2016-04-19,18290.0
2016-04-20,18105.0
2016-04-21,18240.0
2016-04-22,18200.0
2016-04-25,18050.0
2016-04-26,18445.0
2016-04-27,18125.0
2016-04-28,17850.0
2016-04-29,17745.0
2016-05-02,17620.0
2016-05-03,17515.0
2016-05-04,17360.0
2016-05-09,17125.0
2016-05-10,17510.0
2016-05-11,17510.0
2016-05-12,17460.0
2016-05-13,17375.0
2016-05-16,17180.0
2016-05-17,17190.0
2016-05-18,17015.0
2016-05-19,17055.0
2016-05-20,17010.0
2016-05-23,17020.0
2016-05-24,17065.0
2016-05-25,17300.0
2016-05-26,17450.0
2016-05-27,17535.0
2016-05-30,17380.0
2016-05-31,17680.0
2016-06-01,17660.0
2016-06-02,17440.0
2016-06-03,17565.0
2016-06-07,17605.0
2016-06-08,17900.0
2016-06-09,17680.0
2016-06-10,17800.0
2016-06-13,17480.0
2016-06-14,17555.0
2016-06-15,17490.0
2016-06-16,17300.0
2016-06-17,17245.0
2016-06-20,17550.0
2016-06-21,17500.0
2016-06-22,17575.0
2016-06-23,17560.0
2016-06-24,17085.0
2016-06-27,17200.0
2016-06-28,17165.0
2016-06-29,17280.0
2016-06-30,17040.0
2016-07-01,17135.0
2016-07-04,17100.0
2016-07-05,16940.0
2016-07-06,16585.0
2016-07-07,16770.0
2016-07-08,16575.0
2016-07-11,16895.0
2016-07-12,17100.0
2016-07-13,17165.0
2016-07-14,17045.0
2016-07-15,17185.0
2016-07-18,16935.0
2016-07-19,16835.0
2016-07-20,16875.0
2016-07-21,16815.0
2016-07-22,16955.0
2016-07-25,17135.0
2016-07-26,17230.0
2016-07-27,17410.0
2016-07-28,17650.0
2016-07-29,17250.0
2016-08-01,17400.0
2016-08-02,17170.0
2016-08-03,16975.0
2016-08-04,16915.0
2016-08-05,17095.0
2016-08-08,17015.0
2016-08-09,17220.0
2016-08-10,17255.0
2016-08-11,17150.0
2016-08-12,17290.0
2016-08-16,17130.0
2016-08-17,17255.0
2016-08-18,17100.0
2016-08-19,17175.0
2016-08-22,17115.0
2016-08-23,17045.0
2016-08-24,17235.0
2016-08-25,17425.0
2016-08-26,17360.0
2016-08-29,17220.0
2016-08-30,17370.0
2016-08-31,17470.0
2016-09-01,17405.0
2016-09-02,17505.0
2016-09-05,17910.0
2016-09-06,18160.0
2016-09-07,18270.0
2016-09-08,18460.0
2016-09-09,18260.0
2016-09-12,18225.0
2016-09-13,18225.0
2016-09-19,18315.0
2016-09-20,18305.0
2016-09-21,18230.0
2016-09-22,18375.0
2016-09-23,18550.0
2016-09-26,18500.0
2016-09-27,18720.0
2016-09-28,18495.0
2016-09-29,18430.0
2016-09-30,17945.0
2016-10-04,18080.0
2016-10-05,18090.0
2016-10-06,17845.0
2016-10-07,17790.0
2016-10-10,17805.0
2016-10-11,17850.0
2016-10-12,17885.0
2016-10-13,17555.0
2016-10-14,17450.0
2016-10-17,17425.0
2016-10-18,17345.0
2016-10-19,17160.0
2016-10-20,17140.0
2016-10-21,17155.0
2016-10-24,17120.0
2016-10-25,17500.0
2016-10-26,17275.0
2016-10-27,17330.0
2016-10-28,17385.0
2016-10-31,17385.0
2016-11-01,17295.0
2016-11-02,17190.0
2016-11-03,17200.0
2016-11-04,17115.0
2016-11-07,17295.0
2016-11-08,17375.0
2016-11-09,16840.0
2016-11-10,16250.0
2016-11-11,16270.0
2016-11-14,16155.0
2016-11-15,15910.0
2016-11-16,16100.0
2016-11-17,16005.0
2016-11-18,15870.0
2016-11-21,16085.0
2016-11-22,16095.0
2016-11-23,16160.0
2016-11-24,16150.0
2016-11-25,16195.0
2016-11-28,16205.0
2016-11-29,16190.0
2016-11-30,16230.0
2016-12-01,16175.0
2016-12-02,16205.0
2016-12-05,16160.0
2016-12-06,16305.0
2016-12-07,16100.0
2016-12-08,16610.0
2016-12-09,16740.0
2016-12-12,16815.0
2016-12-13,16890.0
2016-12-14,16900.0
2016-12-15,16890.0
2016-12-16,16660.0
2016-12-19,16800.0
2016-12-20,16850.0
2016-12-21,16890.0
2016-12-22,16800.0
2016-12-23,16905.0
2016-12-26,16950.0
2016-12-27,17040.0
2016-12-28,17115.0
2016-12-29,17370.0
2017-01-02,17600.0
2017-01-03,17930.0
2017-01-04,18070.0
2017-01-05,18145.0
2017-01-06,17995.0
2017-01-09,17930.0
2017-01-10,18085.0
2017-01-11,17935.0
2017-01-12,17905.0
2017-01-13,18090.0
2017-01-16,18100.0
2017-01-17,18230.0
2017-01-18,18320.0
2017-01-19,18085.0
2017-01-20,17920.0
2017-01-23,17690.0
2017-01-24,17415.0
2017-01-25,17085.0
2017-01-26,17075.0
2017-01-31,16485.0
2017-02-01,16575.0
2017-02-02,16350.0
2017-02-03,16330.0
2017-02-06,16170.0
2017-02-07,16455.0
2017-02-08,16565.0
2017-02-09,16535.0
2017-02-10,16550.0
2017-02-13,16665.0
2017-02-14,16855.0
2017-02-15,17100.0
2017-02-16,17275.0
2017-02-17,17375.0
2017-02-20,17275.0
2017-02-21,17335.0
2017-02-22,17265.0
2017-02-23,17195.0
2017-02-24,17295.0
2017-02-27,17330.0
2017-02-28,17270.0
2017-03-02,16920.0
2017-03-03,16430.0
2017-03-06,16470.0
2017-03-07,16580.0
2017-03-08,16550.0
2017-03-09,16600.0
2017-03-10,16670.0
2017-03-13,16645.0
2017-03-14,16860.0
2017-03-15,16725.0
2017-03-16,16860.0
2017-03-17,16875.0
2017-03-20,17050.0
2017-03-21,17680.0
2017-03-22,17620.0
2017-03-23,17385.0
2017-03-24,17325.0
2017-03-27,17170.0
2017-03-28,17095.0
2017-03-29,16805.0
2017-03-30,16825.0
2017-03-31,17015.0
2017-04-03,16895.0
2017-04-04,16590.0
2017-04-05,16355.0
2017-04-06,16235.0
2017-04-07,16080.0
2017-04-10,16015.0
2017-04-11,15860.0
2017-04-12,16005.0
2017-04-13,16070.0
2017-04-14,16015.0
2017-04-17,16065.0
2017-04-18,15900.0
2017-04-19,15615.0
2017-04-20,16000.0
2017-04-21,16015.0
2017-04-24,16120.0
2017-04-25,16280.0
2017-04-26,16550.0
2017-04-27,16060.0
2017-04-28,15830.0
2017-05-02,16130.0
2017-05-04,16070.0
2017-05-08,16670.0
2017-05-10,16770.0
2017-05-11,17055.0
2017-05-12,16810.0
2017-05-15,16830.0
2017-05-16,16965.0
2017-05-17,16990.0
2017-05-18,17450.0
2017-05-19,17710.0
2017-05-22,17865.0
2017-05-23,18000.0
2017-05-24,17815.0
2017-05-25,17965.0
2017-05-26,17860.0
2017-05-29,17835.0
2017-05-30,17955.0
2017-05-31,17805.0
2017-06-01,17895.0
2017-06-02,17690.0
2017-06-05,17745.0
2017-06-07,17590.0
2017-06-08,17725.0
2017-06-09,17785.0
2017-06-12,17705.0
2017-06-13,17880.0
2017-06-14,18180.0
2017-06-15,17890.0
2017-06-16,17995.0
2017-06-19,18080.0
2017-06-20,17905.0
2017-06-21,17555.0
2017-06-22,17785.0
2017-06-23,17820.0
2017-06-26,17735.0
2017-06-27,17520.0
2017-06-28,17465.0
2017-06-29,17565.0
2017-06-30,17485.0
2017-07-03,17795.0
2017-07-04,17485.0
2017-07-05,17365.0
2017-07-06,17300.0
2017-07-07,17115.0
2017-07-10,16840.0
2017-07-11,16840.0
2017-07-12,16810.0
2017-07-13,16835.0
2017-07-14,17085.0
2017-07-17,17125.0
2017-07-18,16990.0
2017-07-19,17085.0
2017-07-20,16930.0
2017-07-21,16870.0
2017-07-24,16865.0
2017-07-25,16985.0
2017-07-26,17135.0
2017-07-27,17080.0
2017-07-28,17365.0
2017-07-31,16855.0
2017-08-01,16935.0
2017-08-02,17055.0
2017-08-03,17170.0
2017-08-04,17280.0
2017-08-07,17120.0
2017-08-08,16825.0
2017-08-09,16940.0
2017-08-10,16945.0
2017-08-11,16815.0
2017-08-14,16895.0
2017-08-16,16780.0
2017-08-17,16710.0
2017-08-18,16805.0
2017-08-21,16940.0
2017-08-22,16850.0
2017-08-23,16750.0
2017-08-24,16780.0
2017-08-25,16940.0
2017-08-28,16985.0
2017-08-29,16825.0
2017-08-30,16750.0
2017-08-31,16365.0
2017-09-01,16540.0
2017-09-04,16250.0
2017-09-05,16125.0
2017-09-06,15800.0
2017-09-07,15875.0
2017-09-08,15450.0
2017-09-11,15350.0
2017-09-12,15420.0
2017-09-13,15290.0
2017-09-14,15390.0
2017-09-15,15585.0
2017-09-18,15525.0
2017-09-19,15655.0
2017-09-20,15710.0
2017-09-21,15575.0
2017-09-22,15495.0
2017-09-25,15575.0
2017-09-26,16090.0
2017-09-27,16100.0
2017-09-28,16130.0
2017-09-29,16380.0
2017-10-10,16465.0
2017-10-11,16575.0
2017-10-12,16570.0
2017-10-13,16600.0
2017-10-16,16590.0
2017-10-17,16295.0
2017-10-18,16705.0
2017-10-19,16935.0
2017-10-20,16970.0
2017-10-23,17100.0
2017-10-24,16925.0
2017-10-25,16650.0
2017-10-26,17275.0
2017-10-27,17180.0
2017-10-30,17095.0
2017-10-31,17535.0
2017-11-01,17495.0
2017-11-02,17510.0
2017-11-03,17605.0
2017-11-06,17505.0
2017-11-07,17375.0
2017-11-08,17235.0
2017-11-09,17415.0
2017-11-10,17345.0
2017-11-13,17735.0
2017-11-14,17510.0
2017-11-15,17450.0
2017-11-16,17320.0
2017-11-17,17030.0
2017-11-20,17035.0
2017-11-21,17050.0
2017-11-22,17000.0
2017-11-23,17105.0
2017-11-24,17145.0
2017-11-27,17150.0
2017-11-28,17180.0
2017-11-29,17290.0
2017-11-30,17585.0
2017-12-01,17415.0
2017-12-04,17350.0
2017-12-05,17555.0
2017-12-06,17450.0
2017-12-07,17175.0
2017-12-08,16860.0
2017-12-11,16455.0
2017-12-12,16555.0
2017-12-13,16755.0
2017-12-14,16625.0
2017-12-15,16905.0
2017-12-18,17005.0
2017-12-19,16900.0
2017-12-20,16905.0
2017-12-21,16630.0
2017-12-22,16745.0
2017-12-26,16880.0
2017-12-27,17295.0
2017-12-28,17360.0
2018-01-02,17020.0
2018-01-03,17055.0
2018-01-04,16590.0
2018-01-05,16700.0
2018-01-08,16700.0
2018-01-09,16800.0
2018-01-10,16985.0
2018-01-11,16830.0
2018-01-12,16615.0
2018-01-15,16640.0
2018-01-16,16920.0
2018-01-17,16880.0
2018-01-18,16770.0
2018-01-19,17340.0
2018-01-22,17385.0
2018-01-23,17400.0
2018-01-24,17480.0
2018-01-25,17640.0
2018-01-26,16990.0
2018-01-29,17095.0
2018-01-30,17025.0
2018-01-31,17250.0
2018-02-01,17295.0
2018-02-02,17715.0
2018-02-05,17450.0
2018-02-06,17210.0
2018-02-07,16850.0
2018-02-08,16945.0
2018-02-09,16665.0
2018-02-12,16335.0
2018-02-13,16065.0
2018-02-14,16125.0
2018-02-19,16345.0
2018-02-20,16140.0
2018-02-21,16565.0
2018-02-22,16500.0
2018-02-23,16735.0
2018-02-26,16805.0
2018-02-27,16810.0
2018-02-28,16830.0
2018-03-02,16410.0
2018-03-05,16195.0
2018-03-06,16330.0
2018-03-07,15825.0
2018-03-08,15935.0
2018-03-09,16080.0
2018-03-12,16120.0
2018-03-13,16020.0
2018-03-14,16200.0
2018-03-15,16120.0
2018-03-16,16130.0
2018-03-19,15775.0
2018-03-20,15920.0
2018-03-21,16050.0
2018-03-22,16055.0
2018-03-23,15775.0
2018-03-26,15825.0
2018-03-27,16105.0
2018-03-28,16440.0
2018-03-29,15890.0
2018-03-30,15715.0
2018-04-02,16070.0
2018-04-03,16420.0
2018-04-04,16770.0
2018-04-05,16550.0
2018-04-06,16365.0
2018-04-09,16225.0
2018-04-10,16360.0
2018-04-11,16240.0
2018-04-12,16070.0
2018-04-13,15935.0
2018-04-16,15930.0
2018-04-17,16150.0
2018-04-18,16195.0
2018-04-19,15975.0
2018-04-20,16000.0
2018-04-23,16010.0
2018-04-24,16125.0
2018-04-25,15975.0
2018-04-26,15735.0
2018-04-27,15680.0
2018-04-30,15975.0
2018-05-02,15990.0
2018-05-03,16000.0
2018-05-04,15805.0
2018-05-08,15705.0
2018-05-09,15605.0
2018-05-10,15540.0
2018-05-11,15700.0
2018-05-14,15655.0
2018-05-15,15500.0
2018-05-16,15575.0
2018-05-17,15650.0
2018-05-18,15660.0
2018-05-21,15690.0
2018-05-23,15460.0
2018-05-24,15145.0
2018-05-25,14930.0
2018-05-28,14885.0
2018-05-29,14700.0
2018-05-30,14370.0
2018-05-31,14335.0
2018-06-01,14630.0
2018-06-04,15190.0
2018-06-05,15025.0
2018-06-07,15140.0
2018-06-08,15060.0
2018-06-11,14930.0
2018-06-12,14950.0
2018-06-14,14725.0
2018-06-15,14600.0
2018-06-18,14590.0
2018-06-19,14385.0
2018-06-20,14270.0
2018-06-21,14030.0
2018-06-22,14155.0
2018-06-25,14210.0
2018-06-26,14285.0
2018-06-27,13985.0
2018-06-28,13905.0
2018-06-29,13875.0
2018-07-02,13635.0
2018-07-03,13545.0
2018-07-04,13150.0
2018-07-05,13320.0
2018-07-06,13750.0
2018-07-09,13805.0
2018-07-10,13645.0
2018-07-11,13585.0
2018-07-12,13700.0
2018-07-13,13930.0
2018-07-16,14285.0
2018-07-17,14320.0
2018-07-18,14160.0
2018-07-19,14170.0
2018-07-20,14300.0
2018-07-23,14450.0
2018-07-24,14275.0
2018-07-25,14410.0
2018-07-26,14395.0
2018-07-27,14520.0
2018-07-30,14490.0
2018-07-31,14485.0
2018-08-01,14465.0
2018-08-02,14175.0
2018-08-03,14150.0
2018-08-06,14320.0
2018-08-07,14355.0
2018-08-08,14550.0
2018-08-09,14500.0
2018-08-10,14605.0
2018-08-13,14520.0
2018-08-14,14420.0
2018-08-16,14600.0
2018-08-17,14530.0
2018-08-20,14750.0
2018-08-21,14610.0
2018-08-22,14470.0
2018-08-23,14285.0
2018-08-24,14325.0
2018-08-27,14310.0
2018-08-28,14535.0
2018-08-29,14425.0
2018-08-30,14295.0
2018-08-31,14375.0
2018-09-03,14330.0
2018-09-04,14390.0
2018-09-05,14550.0
2018-09-06,14890.0
2018-09-07,15005.0
2018-09-10,14840.0
2018-09-11,14615.0
2018-09-12,14635.0
2018-09-13,14470.0
2018-09-14,14655.0
2018-09-17,14525.0
2018-09-18,14590.0
2018-09-19,14615.0
2018-09-20,14785.0
2018-09-21,14805.0
2018-09-27,14920.0
2018-09-28,14940.0
2018-10-01,14740.0
2018-10-02,14640.0
2018-10-04,14220.0
2018-10-05,14280.0
2018-10-08,14140.0
2018-10-10,13860.0
2018-10-11,13480.0
2018-10-12,13445.0
2018-10-15,13165.0
2018-10-16,13305.0
2018-10-17,13425.0
2018-10-18,13150.0
2018-10-19,13105.0
2018-10-22,13220.0
2018-10-23,12775.0
2018-10-24,12945.0
2018-10-25,12410.0
2018-10-26,12430.0
2018-10-29,12285.0
2018-10-30,12370.0
2018-10-31,12420.0
2018-11-01,12340.0
2018-11-02,12560.0
2018-11-05,12255.0
2018-11-06,12615.0
2018-11-07,12400.0
2018-11-08,12450.0
2018-11-09,12485.0
2018-11-12,12170.0
2018-11-13,12240.0
2018-11-14,12345.0
2018-11-15,12585.0
2018-11-16,12580.0
2018-11-19,12580.0
2018-11-20,12210.0
2018-11-21,12290.0
2018-11-22,11740.0
2018-11-23,11710.0
2018-11-26,11885.0
2018-11-27,12240.0
2018-11-28,12285.0
2018-11-29,12235.0
2018-11-30,12600.0
2018-12-03,12720.0
2018-12-04,12595.0
2018-12-05,12480.0
2018-12-06,12670.0
2018-12-07,12600.0
2018-12-10,12530.0
2018-12-11,12510.0
2018-12-12,13115.0
2018-12-13,13400.0
2018-12-14,13250.0
2018-12-17,13435.0
2018-12-18,13445.0
2018-12-19,13825.0
2018-12-20,13670.0
2018-12-21,13470.0
2018-12-24,13520.0
2018-12-26,13160.0
2018-12-27,13385.0
2018-12-28,13485.0
2019-01-02,13175.0
2019-01-03,13360.0
2019-01-04,13795.0
2019-01-07,13755.0
2019-01-08,13405.0
2019-01-09,13845.0
2019-01-10,13670.0
2019-01-11,13685.0
2019-01-14,13645.0
2019-01-15,14070.0
2019-01-16,14105.0
2019-01-17,14260.0
2019-01-18,14665.0
2019-01-21,14460.0
2019-01-22,14390.0
2019-01-23,14760.0
2019-01-24,14710.0
2019-01-25,14485.0
2019-01-28,14535.0
2019-01-29,14625.0
2019-01-30,14885.0
2019-01-31,14940.0
2019-02-01,14750.0
2019-02-07,14640.0
2019-02-08,14595.0
2019-02-11,14750.0
2019-02-12,14825.0
2019-02-13,14710.0
2019-02-14,14480.0
2019-02-15,14375.0
2019-02-18,14320.0
2019-02-19,14250.0
2019-02-20,14310.0
2019-02-21,14360.0
2019-02-22,14460.0
2019-02-25,14535.0
2019-02-26,14605.0
2019-02-27,14935.0
2019-02-28,14885.0
2019-03-04,14520.0
2019-03-05,14355.0
2019-03-06,14495.0
2019-03-07,14380.0
2019-03-08,14030.0
2019-03-11,14135.0
2019-03-12,14340.0
2019-03-13,14240.0
2019-03-14,13950.0
2019-03-15,14125.0
2019-03-18,14455.0
2019-03-19,14445.0
