Date,KOSEF 통안채1년
2014-01-13,100465.0
2014-01-14,100445.0
2014-01-15,100440.0
2014-01-16,100470.0
2014-01-17,100475.0
2014-01-20,100475.0
2014-01-21,100485.0
2014-01-22,100455.0
2014-01-23,100505.0
2014-01-24,100530.0
2014-01-27,100515.0
2014-01-28,100545.0
2014-01-29,100555.0
2014-02-03,100565.0
2014-02-04,100580.0
2014-02-05,100610.0
2014-02-06,100610.0
2014-02-07,100630.0
2014-02-10,100640.0
2014-02-11,100655.0
2014-02-12,100635.0
2014-02-13,100680.0
2014-02-14,100685.0
2014-02-17,100700.0
2014-02-18,100700.0
2014-02-19,100705.0
2014-02-20,100725.0
2014-02-21,100740.0
2014-02-24,100740.0
2014-02-25,100760.0
2014-02-26,100745.0
2014-02-27,100790.0
2014-02-28,100780.0
2014-03-03,100795.0
2014-03-04,100775.0
2014-03-05,100790.0
2014-03-06,100815.0
2014-03-07,100820.0
2014-03-10,100830.0
2014-03-11,100850.0
2014-03-12,100870.0
2014-03-13,100885.0
2014-03-14,100920.0
2014-03-17,100910.0
2014-03-18,100915.0
2014-03-19,100890.0
2014-03-20,100925.0
2014-03-21,100900.0
2014-03-24,100940.0
2014-03-25,100940.0
2014-03-26,100955.0
2014-03-27,100970.0
2014-03-28,100985.0
2014-03-31,101015.0
2014-04-01,100995.0
2014-04-02,100980.0
2014-04-03,101030.0
2014-04-04,101040.0
2014-04-07,101060.0
2014-04-08,101060.0
2014-04-09,101075.0
2014-04-10,101100.0
2014-04-11,101105.0
2014-04-14,101105.0
2014-04-15,101105.0
2014-04-16,101100.0
2014-04-17,101130.0
2014-04-18,101130.0
2014-04-21,101140.0
2014-04-22,101125.0
2014-04-23,101145.0
2014-04-24,101150.0
2014-04-25,101120.0
2014-04-28,101165.0
2014-04-29,101175.0
2014-04-30,101225.0
2014-05-02,101240.0
2014-05-07,101245.0
2014-05-08,101275.0
2014-05-09,101285.0
2014-05-12,101300.0
2014-05-13,101300.0
2014-05-14,101310.0
2014-05-15,101340.0
2014-05-16,101345.0
2014-05-19,101350.0
2014-05-20,101345.0
2014-05-21,101355.0
2014-05-22,101365.0
2014-05-23,101375.0
2014-05-26,101380.0
2014-05-27,101385.0
2014-05-28,101395.0
2014-05-29,101440.0
2014-05-30,101435.0
2014-06-02,101445.0
2014-06-03,101445.0
2014-06-05,101480.0
2014-06-09,101480.0
2014-06-10,101495.0
2014-06-11,101505.0
2014-06-12,101540.0
2014-06-13,101580.0
2014-06-16,101590.0
2014-06-17,101595.0
2014-06-18,101600.0
2014-06-19,101630.0
2014-06-20,101635.0
2014-06-23,101645.0
2014-06-24,101650.0
2014-06-25,101655.0
2014-06-26,101670.0
2014-06-27,101675.0
2014-06-30,101705.0
2014-07-01,101710.0
2014-07-02,101780.0
2014-07-03,101800.0
2014-07-04,101805.0
2014-07-07,101815.0
2014-07-08,101810.0
2014-07-09,101825.0
2014-07-10,101860.0
2014-07-11,101880.0
2014-07-14,101875.0
2014-07-15,101900.0
2014-07-16,101915.0
2014-07-17,101990.0
2014-07-18,102010.0
2014-07-21,102010.0
2014-07-22,102025.0
2014-07-23,102070.0
2014-07-24,102090.0
2014-07-25,102090.0
2014-07-28,102095.0
2014-07-29,102095.0
2014-07-30,102115.0
2014-07-31,102135.0
2014-08-01,102155.0
2014-08-04,102145.0
2014-08-05,102165.0
2014-08-06,102165.0
2014-08-07,102190.0
2014-08-08,102215.0
2014-08-11,102215.0
2014-08-12,102225.0
2014-08-13,102255.0
2014-08-14,102260.0
2014-08-18,102250.0
2014-08-19,102250.0
2014-08-20,102250.0
2014-08-21,102270.0
2014-08-22,102280.0
2014-08-25,102280.0
2014-08-26,102285.0
2014-08-27,102300.0
2014-08-28,102305.0
2014-08-29,102345.0
2014-09-01,102345.0
2014-09-02,102360.0
2014-09-03,102360.0
2014-09-04,102400.0
2014-09-05,102425.0
2014-09-11,102445.0
2014-09-12,102505.0
2014-09-15,102520.0
2014-09-16,102535.0
2014-09-17,102560.0
2014-09-18,102590.0
2014-09-19,102590.0
2014-09-22,102600.0
2014-09-23,102615.0
2014-09-24,102620.0
2014-09-25,102640.0
2014-09-26,102650.0
2014-09-29,102655.0
2014-09-30,102660.0
2014-10-01,102735.0
2014-10-02,102765.0
2014-10-06,102775.0
2014-10-07,102780.0
2014-10-08,102790.0
2014-10-10,102815.0
2014-10-13,102815.0
2014-10-14,102815.0
2014-10-15,102815.0
2014-10-16,102855.0
2014-10-17,102865.0
2014-10-20,102865.0
2014-10-21,102885.0
2014-10-22,102895.0
2014-10-23,102925.0
2014-10-24,102915.0
2014-10-27,102925.0
2014-10-28,102940.0
2014-10-29,102950.0
2014-10-30,102965.0
2014-10-31,102985.0
2014-11-03,103005.0
2014-11-04,103045.0
2014-11-05,103050.0
2014-11-06,103055.0
2014-11-07,103105.0
2014-11-10,103110.0
2014-11-11,103050.0
2014-11-12,103050.0
2014-11-13,103085.0
2014-11-14,103070.0
2014-11-17,103085.0
2014-11-18,103095.0
2014-11-19,103095.0
2014-11-20,103120.0
2014-11-21,103135.0
2014-11-24,103145.0
2014-11-25,103165.0
2014-11-26,103170.0
2014-11-27,103175.0
2014-11-28,103195.0
2014-12-01,103210.0
2014-12-02,103210.0
2014-12-03,103210.0
2014-12-04,103190.0
2014-12-05,103200.0
2014-12-08,103190.0
2014-12-09,103190.0
2014-12-10,103195.0
2014-12-11,103210.0
2014-12-12,103220.0
2014-12-15,103225.0
2014-12-16,103225.0
2014-12-17,103215.0
2014-12-18,103220.0
2014-12-19,103210.0
2014-12-22,103230.0
2014-12-23,103240.0
2014-12-24,103260.0
2014-12-26,103245.0
2014-12-29,100350.0
2014-12-30,100415.0
2015-01-02,100430.0
2015-01-05,100465.0
2015-01-06,100480.0
2015-01-07,100525.0
2015-01-08,100540.0
2015-01-09,100555.0
2015-01-12,100590.0
2015-01-13,100580.0
2015-01-14,100635.0
2015-01-15,100630.0
2015-01-16,100655.0
2015-01-19,100630.0
2015-01-20,100655.0
2015-01-21,100655.0
2015-01-22,100625.0
2015-01-23,100640.0
2015-01-26,100655.0
2015-01-27,100665.0
2015-01-28,100665.0
2015-01-29,100690.0
2015-01-30,100695.0
2015-02-02,100695.0
2015-02-03,100735.0
2015-02-04,100735.0
2015-02-05,100740.0
2015-02-06,100770.0
2015-02-09,100770.0
2015-02-10,100725.0
2015-02-11,100720.0
2015-02-12,100720.0
2015-02-13,100725.0
2015-02-16,100750.0
2015-02-17,100765.0
2015-02-23,100760.0
2015-02-24,100775.0
2015-02-25,100780.0
2015-02-26,100795.0
2015-02-27,100805.0
2015-03-02,100840.0
2015-03-03,100850.0
2015-03-04,100870.0
2015-03-05,100880.0
2015-03-06,100940.0
2015-03-09,100955.0
2015-03-10,100970.0
2015-03-11,101010.0
2015-03-12,101050.0
2015-03-13,101075.0
2015-03-16,101105.0
2015-03-17,101100.0
2015-03-18,101115.0
2015-03-19,101130.0
2015-03-20,101140.0
2015-03-23,101155.0
2015-03-24,101165.0
2015-03-25,101175.0
2015-03-26,101180.0
2015-03-27,101190.0
2015-03-30,101200.0
2015-03-31,101245.0
2015-04-01,101265.0
2015-04-02,101285.0
2015-04-03,101295.0
2015-04-06,101295.0
2015-04-07,101320.0
2015-04-08,101305.0
2015-04-09,101340.0
2015-04-10,101330.0
2015-04-13,101335.0
2015-04-14,101320.0
2015-04-15,101340.0
2015-04-16,101355.0
2015-04-17,101360.0
2015-04-20,101370.0
2015-04-21,101370.0
2015-04-22,101385.0
2015-04-23,101380.0
2015-04-24,101350.0
2015-04-27,101350.0
2015-04-28,101315.0
2015-04-29,101330.0
2015-04-30,101340.0
2015-05-04,101310.0
2015-05-06,101325.0
2015-05-07,101340.0
2015-05-08,101355.0
2015-05-11,101390.0
2015-05-12,101370.0
2015-05-13,101420.0
2015-05-14,101420.0
2015-05-15,101405.0
2015-05-18,101420.0
2015-05-19,101415.0
2015-05-20,101430.0
2015-05-21,101445.0
2015-05-22,101450.0
2015-05-26,101460.0
2015-05-27,101470.0
2015-05-28,101490.0
2015-05-29,101540.0
2015-06-01,101530.0
2015-06-02,101585.0
2015-06-03,101590.0
2015-06-04,101585.0
2015-06-05,101605.0
2015-06-08,101625.0
2015-06-09,101620.0
2015-06-10,101640.0
2015-06-11,101660.0
2015-06-12,101680.0
2015-06-15,101690.0
2015-06-16,101675.0
2015-06-17,101660.0
2015-06-18,101680.0
2015-06-19,101695.0
2015-06-22,101680.0
2015-06-23,101675.0
2015-06-24,101685.0
2015-06-25,101700.0
2015-06-26,101685.0
2015-06-29,101720.0
2015-06-30,101730.0
2015-07-01,101735.0
2015-07-02,101745.0
2015-07-03,101750.0
2015-07-06,101765.0
2015-07-07,101780.0
2015-07-08,101780.0
2015-07-09,101800.0
2015-07-10,101785.0
2015-07-13,101805.0
2015-07-14,101810.0
2015-07-15,101825.0
2015-07-16,101840.0
2015-07-17,101820.0
2015-07-20,101830.0
2015-07-21,101845.0
2015-07-22,101840.0
2015-07-23,101880.0
2015-07-24,101895.0
2015-07-27,101895.0
2015-07-28,101875.0
2015-07-29,101900.0
2015-07-30,101895.0
2015-07-31,101905.0
2015-08-03,101915.0
2015-08-04,101930.0
2015-08-05,101920.0
2015-08-06,101935.0
2015-08-07,101945.0
2015-08-10,101950.0
2015-08-11,101955.0
2015-08-12,101995.0
2015-08-13,101985.0
2015-08-17,101995.0
2015-08-18,101995.0
2015-08-19,101990.0
2015-08-20,102005.0
2015-08-21,101995.0
2015-08-24,102005.0
2015-08-25,102000.0
2015-08-26,101985.0
2015-08-27,102010.0
2015-08-28,102020.0
2015-08-31,102020.0
2015-09-01,102035.0
2015-09-02,102030.0
2015-09-03,102075.0
2015-09-04,102105.0
2015-09-07,102110.0
2015-09-08,102085.0
2015-09-09,102110.0
2015-09-10,102120.0
2015-09-11,102140.0
2015-09-14,102145.0
2015-09-15,102145.0
2015-09-16,102140.0
2015-09-17,102160.0
2015-09-18,102165.0
2015-09-21,102160.0
2015-09-22,102155.0
2015-09-23,102180.0
2015-09-24,102195.0
2015-09-25,102210.0
2015-09-30,102215.0
2015-10-01,102220.0
2015-10-02,102225.0
2015-10-05,102275.0
2015-10-06,102265.0
2015-10-07,102245.0
2015-10-08,102265.0
2015-10-12,102240.0
2015-10-13,102245.0
2015-10-14,102240.0
2015-10-15,102275.0
2015-10-16,102260.0
2015-10-19,102265.0
2015-10-20,102260.0
2015-10-21,102275.0
2015-10-22,102260.0
2015-10-23,102265.0
2015-10-26,102265.0
2015-10-27,102260.0
2015-10-28,102285.0
2015-10-29,102290.0
2015-10-30,102285.0
2015-11-02,102280.0
2015-11-03,102280.0
2015-11-04,102280.0
2015-11-05,102300.0
2015-11-06,102285.0
2015-11-09,102260.0
2015-11-10,102265.0
2015-11-11,102255.0
2015-11-12,102280.0
2015-11-13,102280.0
2015-11-16,102285.0
2015-11-17,102305.0
2015-11-18,102315.0
2015-11-19,102320.0
2015-11-20,102300.0
2015-11-23,102305.0
2015-11-24,102310.0
2015-11-25,102290.0
2015-11-26,102280.0
2015-11-27,102240.0
2015-11-30,102255.0
2015-12-01,102280.0
2015-12-02,102315.0
2015-12-03,102340.0
2015-12-04,102365.0
2015-12-07,102350.0
2015-12-08,102355.0
2015-12-09,102370.0
2015-12-10,102400.0
2015-12-11,102380.0
2015-12-14,102385.0
2015-12-15,102395.0
2015-12-16,102385.0
2015-12-17,102410.0
2015-12-18,102425.0
2015-12-21,102440.0
2015-12-22,102440.0
2015-12-23,102450.0
2015-12-24,102445.0
2015-12-28,102445.0
2015-12-29,100475.0
2015-12-30,100480.0
2016-01-04,100530.0
2016-01-05,100550.0
2016-01-06,100570.0
2016-01-07,100575.0
2016-01-08,100560.0
2016-01-11,100575.0
2016-01-12,100570.0
2016-01-13,100595.0
2016-01-14,100590.0
2016-01-15,100610.0
2016-01-18,100600.0
2016-01-19,100595.0
2016-01-20,100605.0
2016-01-21,100625.0
2016-01-22,100625.0
2016-01-25,100635.0
2016-01-26,100640.0
2016-01-27,100635.0
2016-01-28,100660.0
2016-01-29,100690.0
2016-02-01,100730.0
2016-02-02,100745.0
2016-02-03,100770.0
2016-02-04,100805.0
2016-02-05,100805.0
2016-02-11,100840.0
2016-02-12,100850.0
2016-02-15,100845.0
2016-02-16,100870.0
2016-02-17,100875.0
2016-02-18,100890.0
2016-02-19,100880.0
2016-02-22,100870.0
2016-02-23,100860.0
2016-02-24,100860.0
2016-02-25,100880.0
2016-02-26,100875.0
2016-02-29,100905.0
2016-03-02,100905.0
2016-03-03,100895.0
2016-03-04,100890.0
2016-03-07,100895.0
2016-03-08,100895.0
2016-03-09,100930.0
2016-03-10,100930.0
2016-03-11,100880.0
2016-03-14,100870.0
2016-03-15,100885.0
2016-03-16,100855.0
2016-03-17,100885.0
2016-03-18,100915.0
2016-03-21,100910.0
2016-03-22,100895.0
2016-03-23,100910.0
2016-03-24,100930.0
2016-03-25,100940.0
2016-03-28,100940.0
2016-03-29,100970.0
2016-03-30,100985.0
2016-03-31,101000.0
2016-04-01,101005.0
2016-04-04,101005.0
2016-04-05,101025.0
2016-04-06,101020.0
2016-04-07,101005.0
2016-04-08,101030.0
2016-04-11,101025.0
2016-04-12,101030.0
2016-04-14,101020.0
2016-04-15,101015.0
2016-04-18,101015.0
2016-04-19,101005.0
2016-04-20,101020.0
2016-04-21,101045.0
2016-04-22,101045.0
2016-04-25,101070.0
2016-04-26,101065.0
2016-04-27,101080.0
2016-04-28,101100.0
2016-04-29,101110.0
2016-05-02,101110.0
2016-05-03,101130.0
2016-05-04,101155.0
2016-05-09,101170.0
2016-05-10,101180.0
2016-05-11,101195.0
2016-05-12,101195.0
2016-05-13,101185.0
2016-05-16,101165.0
2016-05-17,101155.0
2016-05-18,101150.0
2016-05-19,101140.0
2016-05-20,101160.0
2016-05-23,101160.0
2016-05-24,101170.0
2016-05-25,101170.0
2016-05-26,101170.0
2016-05-27,101180.0
2016-05-30,101170.0
2016-05-31,101175.0
2016-06-01,101230.0
2016-06-02,101255.0
2016-06-03,101265.0
2016-06-07,101285.0
2016-06-08,101315.0
2016-06-09,101365.0
2016-06-10,101390.0
2016-06-13,101410.0
2016-06-14,101395.0
2016-06-15,101395.0
2016-06-16,101390.0
2016-06-17,101375.0
2016-06-20,101380.0
2016-06-21,101380.0
2016-06-22,101370.0
2016-06-23,101385.0
2016-06-24,101440.0
2016-06-27,101485.0
2016-06-28,101495.0
2016-06-29,101490.0
2016-06-30,101500.0
2016-07-01,101540.0
2016-07-04,101535.0
2016-07-05,101555.0
2016-07-06,101570.0
2016-07-07,101590.0
2016-07-08,101595.0
2016-07-11,101580.0
2016-07-12,101575.0
2016-07-13,101590.0
2016-07-14,101600.0
2016-07-15,101595.0
2016-07-18,101595.0
2016-07-19,101600.0
2016-07-20,101600.0
2016-07-21,101610.0
2016-07-22,101600.0
2016-07-25,101615.0
2016-07-26,101620.0
2016-07-27,101625.0
2016-07-28,101635.0
2016-07-29,101640.0
2016-08-01,101645.0
2016-08-02,101650.0
2016-08-03,101635.0
2016-08-04,101645.0
2016-08-05,101650.0
2016-08-08,101640.0
2016-08-09,101645.0
2016-08-10,101665.0
2016-08-11,101685.0
2016-08-12,101680.0
2016-08-16,101670.0
2016-08-17,101680.0
2016-08-18,101670.0
2016-08-19,101690.0
2016-08-22,101695.0
2016-08-23,101695.0
2016-08-24,101680.0
2016-08-25,101700.0
2016-08-26,101705.0
2016-08-29,101680.0
2016-08-30,101685.0
2016-08-31,101680.0
2016-09-01,101685.0
2016-09-02,101690.0
2016-09-05,101690.0
2016-09-06,101690.0
2016-09-07,101710.0
2016-09-08,101725.0
2016-09-09,101720.0
2016-09-12,101705.0
2016-09-13,101700.0
2016-09-19,101710.0
2016-09-20,101710.0
2016-09-21,101715.0
2016-09-22,101730.0
2016-09-23,101730.0
2016-09-26,101710.0
2016-09-27,101690.0
2016-09-28,101710.0
2016-09-29,101705.0
2016-09-30,101785.0
2016-10-04,101775.0
2016-10-05,101720.0
2016-10-06,101765.0
2016-10-07,101750.0
2016-10-10,101710.0
2016-10-11,101715.0
2016-10-12,101715.0
2016-10-13,101770.0
2016-10-14,101745.0
2016-10-17,101740.0
2016-10-18,101740.0
2016-10-19,101760.0
2016-10-20,101765.0
2016-10-21,101750.0
2016-10-24,101740.0
2016-10-25,101725.0
2016-10-26,101725.0
2016-10-27,101735.0
2016-10-28,101730.0
2016-10-31,101745.0
2016-11-01,101725.0
2016-11-02,101755.0
2016-11-03,101770.0
2016-11-04,101775.0
2016-11-07,101775.0
2016-11-08,101780.0
2016-11-09,101805.0
2016-11-10,101805.0
2016-11-11,101780.0
2016-11-14,101715.0
2016-11-15,101710.0
2016-11-16,101685.0
2016-11-17,101665.0
2016-11-18,101650.0
2016-11-21,101625.0
2016-11-22,101625.0
2016-11-23,101590.0
2016-11-24,101570.0
2016-11-25,101535.0
2016-11-28,101540.0
2016-11-29,101575.0
2016-11-30,101620.0
2016-12-01,101615.0
2016-12-02,101650.0
2016-12-05,101665.0
2016-12-06,101685.0
2016-12-07,101715.0
2016-12-08,101710.0
2016-12-09,101730.0
2016-12-12,101730.0
2016-12-13,101740.0
2016-12-14,101775.0
2016-12-15,101750.0
2016-12-16,101775.0
2016-12-19,101785.0
2016-12-20,101755.0
2016-12-21,101795.0
2016-12-22,101790.0
2016-12-23,101790.0
2016-12-26,101770.0
2016-12-27,101785.0
2016-12-28,100515.0
2016-12-29,100525.0
2017-01-02,100545.0
2017-01-03,100585.0
2017-01-04,100615.0
2017-01-05,100640.0
2017-01-06,100650.0
2017-01-09,100620.0
2017-01-10,100655.0
2017-01-11,100640.0
2017-01-12,100665.0
2017-01-13,100660.0
2017-01-16,100670.0
2017-01-17,100695.0
2017-01-18,100680.0
2017-01-19,100700.0
2017-01-20,100695.0
2017-01-23,100730.0
2017-01-24,100730.0
2017-01-25,100730.0
2017-01-26,100715.0
2017-01-31,100730.0
2017-02-01,100725.0
2017-02-02,100755.0
2017-02-03,100750.0
2017-02-06,100755.0
2017-02-07,100785.0
2017-02-08,100765.0
2017-02-09,100795.0
2017-02-10,100805.0
2017-02-13,100810.0
2017-02-14,100795.0
2017-02-15,100825.0
2017-02-16,100815.0
2017-02-17,100820.0
2017-02-20,100835.0
2017-02-21,100850.0
2017-02-22,100860.0
2017-02-23,100870.0
2017-02-24,100865.0
2017-02-27,100860.0
2017-02-28,100870.0
2017-03-02,100855.0
2017-03-03,100855.0
2017-03-06,100850.0
2017-03-07,100830.0
2017-03-08,100825.0
2017-03-09,100865.0
2017-03-10,100845.0
2017-03-13,100860.0
2017-03-14,100885.0
2017-03-15,100885.0
2017-03-16,100895.0
2017-03-17,100900.0
2017-03-20,100905.0
2017-03-21,100900.0
2017-03-22,100930.0
2017-03-23,100915.0
2017-03-24,100920.0
2017-03-27,100940.0
2017-03-28,100960.0
2017-03-29,100960.0
2017-03-30,100975.0
2017-03-31,100975.0
2017-04-03,100985.0
2017-04-04,101115.0
2017-04-05,101040.0
2017-04-06,101045.0
2017-04-07,101045.0
2017-04-10,101030.0
2017-04-11,101045.0
2017-04-12,101035.0
2017-04-13,101055.0
2017-04-14,101070.0
2017-04-17,101080.0
2017-04-18,101065.0
2017-04-19,101050.0
2017-04-20,101060.0
2017-04-21,101055.0
2017-04-24,101045.0
2017-04-25,101070.0
2017-04-26,101090.0
2017-04-27,101090.0
2017-04-28,101125.0
2017-05-02,101130.0
2017-05-04,101160.0
2017-05-08,101165.0
2017-05-10,101170.0
2017-05-11,101150.0
2017-05-12,101175.0
2017-05-15,101180.0
2017-05-16,101195.0
2017-05-17,101195.0
2017-05-18,101220.0
2017-05-19,101210.0
2017-05-22,101215.0
2017-05-23,101220.0
2017-05-24,101200.0
2017-05-25,101210.0
2017-05-26,101220.0
2017-05-29,101230.0
2017-05-30,101250.0
2017-05-31,101250.0
2017-06-01,101285.0
2017-06-02,101295.0
2017-06-05,101290.0
2017-06-07,101300.0
2017-06-08,101310.0
2017-06-09,101310.0
2017-06-12,101315.0
2017-06-13,101325.0
2017-06-14,101315.0
2017-06-15,101325.0
2017-06-16,101325.0
2017-06-19,101340.0
2017-06-20,101335.0
2017-06-21,101335.0
2017-06-22,101350.0
2017-06-23,101350.0
2017-06-26,101345.0
2017-06-27,101345.0
2017-06-28,101340.0
2017-06-29,101365.0
2017-06-30,101370.0
2017-07-03,101370.0
2017-07-04,101370.0
2017-07-05,101385.0
2017-07-06,101385.0
2017-07-07,101385.0
2017-07-10,101395.0
2017-07-11,101400.0
2017-07-12,101400.0
2017-07-13,101410.0
2017-07-14,101420.0
2017-07-17,101425.0
2017-07-18,101435.0
2017-07-19,101445.0
2017-07-20,101455.0
2017-07-21,101475.0
2017-07-24,101475.0
2017-07-25,101490.0
2017-07-26,101505.0
2017-07-27,101510.0
2017-07-28,101520.0
2017-07-31,101530.0
2017-08-01,101525.0
2017-08-02,101540.0
2017-08-03,101575.0
2017-08-04,101555.0
2017-08-07,101550.0
2017-08-08,101550.0
2017-08-09,101535.0
2017-08-10,101500.0
2017-08-11,101520.0
2017-08-14,101500.0
2017-08-16,101480.0
2017-08-17,101505.0
2017-08-18,101520.0
2017-08-21,101525.0
2017-08-22,101520.0
2017-08-23,101525.0
2017-08-24,101540.0
2017-08-25,101555.0
2017-08-28,101560.0
2017-08-29,101565.0
2017-08-30,101575.0
2017-08-31,101620.0
2017-09-01,101615.0
2017-09-04,101625.0
2017-09-05,101640.0
2017-09-06,101640.0
2017-09-07,101650.0
2017-09-08,101655.0
2017-09-11,101645.0
2017-09-12,101645.0
2017-09-13,101640.0
2017-09-14,101640.0
2017-09-15,101650.0
2017-09-18,101660.0
2017-09-19,101650.0
2017-09-20,101645.0
2017-09-21,101655.0
2017-09-22,101660.0
2017-09-25,101660.0
2017-09-26,101655.0
2017-09-27,101640.0
2017-09-28,101675.0
2017-09-29,101665.0
2017-10-10,101670.0
2017-10-11,101635.0
2017-10-12,101670.0
2017-10-13,101645.0
2017-10-16,101635.0
2017-10-17,101630.0
2017-10-18,101625.0
2017-10-19,101545.0
2017-10-20,101455.0
2017-10-23,101500.0
2017-10-24,101505.0
2017-10-25,101520.0
2017-10-26,101495.0
2017-10-27,101450.0
2017-10-30,101455.0
2017-10-31,101440.0
2017-11-01,101435.0
2017-11-02,101475.0
2017-11-03,101535.0
2017-11-06,101560.0
2017-11-07,101570.0
2017-11-08,101580.0
2017-11-09,101595.0
2017-11-10,101585.0
2017-11-13,101585.0
2017-11-14,101590.0
2017-11-15,101595.0
2017-11-16,101610.0
2017-11-17,101605.0
2017-11-20,101620.0
2017-11-21,101620.0
2017-11-22,101630.0
2017-11-23,101640.0
2017-11-24,101630.0
2017-11-27,101615.0
2017-11-28,101620.0
2017-11-29,101640.0
2017-11-30,101690.0
2017-12-01,101675.0
2017-12-04,101710.0
2017-12-05,101715.0
2017-12-06,101705.0
2017-12-07,101735.0
2017-12-08,101740.0
2017-12-11,101750.0
2017-12-12,101770.0
2017-12-13,101785.0
2017-12-14,101795.0
2017-12-15,101780.0
2017-12-18,101755.0
2017-12-19,101750.0
2017-12-20,101770.0
2017-12-21,101790.0
2017-12-22,101770.0
2017-12-26,101780.0
2017-12-27,100500.0
2017-12-28,100525.0
2018-01-02,100575.0
2018-01-03,100570.0
2018-01-04,100595.0
2018-01-05,100615.0
2018-01-08,100615.0
2018-01-09,100620.0
2018-01-10,100615.0
2018-01-11,100630.0
2018-01-12,100635.0
2018-01-15,100600.0
2018-01-16,100605.0
2018-01-17,100615.0
2018-01-18,100635.0
2018-01-19,100650.0
2018-01-22,100665.0
2018-01-23,100665.0
2018-01-24,100680.0
2018-01-25,100710.0
2018-01-26,100715.0
2018-01-29,100670.0
2018-01-30,100665.0
2018-01-31,100695.0
2018-02-01,100730.0
2018-02-02,100730.0
2018-02-05,100740.0
2018-02-06,100750.0
2018-02-07,100755.0
2018-02-08,100755.0
2018-02-09,100780.0
2018-02-12,100780.0
2018-02-13,100800.0
2018-02-14,100790.0
2018-02-19,100810.0
2018-02-20,100785.0
2018-02-21,100800.0
2018-02-22,100830.0
2018-02-23,100850.0
2018-02-26,100860.0
2018-02-27,100880.0
2018-02-28,100880.0
2018-03-02,100890.0
2018-03-05,100895.0
2018-03-06,100875.0
2018-03-07,100855.0
2018-03-08,100855.0
2018-03-09,100855.0
2018-03-12,100865.0
2018-03-13,100890.0
2018-03-14,100870.0
2018-03-15,100905.0
2018-03-16,100915.0
2018-03-19,100915.0
2018-03-20,100925.0
2018-03-21,100935.0
2018-03-22,100965.0
2018-03-23,100995.0
2018-03-26,100980.0
2018-03-27,100985.0
2018-03-28,101000.0
2018-03-29,101015.0
2018-03-30,101020.0
2018-04-02,101015.0
2018-04-03,101065.0
2018-04-04,101065.0
2018-04-05,101095.0
2018-04-06,101105.0
2018-04-09,101105.0
2018-04-10,101130.0
2018-04-11,101120.0
2018-04-12,101135.0
2018-04-13,101150.0
2018-04-16,101195.0
2018-04-17,101180.0
2018-04-18,101500.0
2018-04-19,101215.0
2018-04-20,101190.0
2018-04-23,101175.0
2018-04-24,101195.0
2018-04-25,101185.0
2018-04-26,101215.0
2018-04-27,101240.0
2018-04-30,101245.0
2018-05-02,104555.0
2018-05-03,101250.0
2018-05-04,101250.0
2018-05-08,101195.0
2018-05-09,101215.0
2018-05-10,101230.0
2018-05-11,101215.0
2018-05-14,101220.0
2018-05-15,101230.0
2018-05-16,101260.0
2018-05-17,101290.0
2018-05-18,101320.0
2018-05-21,101315.0
2018-05-23,101330.0
2018-05-24,101330.0
2018-05-25,101370.0
2018-05-28,101385.0
2018-05-29,101400.0
2018-05-30,101400.0
2018-05-31,101415.0
2018-06-01,101435.0
2018-06-04,101455.0
2018-06-05,101440.0
2018-06-07,101470.0
2018-06-08,101460.0
2018-06-11,101475.0
2018-06-12,101470.0
2018-06-14,101480.0
2018-06-15,101465.0
2018-06-18,101480.0
2018-06-19,101485.0
2018-06-20,101500.0
2018-06-21,101520.0
2018-06-22,101530.0
2018-06-25,101540.0
2018-06-26,101550.0
2018-06-27,101555.0
2018-06-28,101560.0
2018-06-29,101585.0
2018-07-02,101600.0
2018-07-03,101610.0
2018-07-04,101620.0
2018-07-05,101655.0
2018-07-06,101640.0
2018-07-09,101650.0
2018-07-10,101670.0
2018-07-11,101690.0
2018-07-12,101705.0
2018-07-13,101680.0
2018-07-16,101680.0
2018-07-17,101685.0
2018-07-18,101715.0
2018-07-19,101720.0
2018-07-20,101745.0
2018-07-23,101750.0
2018-07-24,101740.0
2018-07-25,101740.0
2018-07-26,101765.0
2018-07-27,101745.0
2018-07-30,101730.0
2018-07-31,101740.0
2018-08-01,101755.0
2018-08-02,101750.0
2018-08-03,101780.0
2018-08-06,101800.0
2018-08-07,101860.0
2018-08-08,101800.0
2018-08-09,101825.0
2018-08-10,101835.0
2018-08-13,101860.0
2018-08-14,101835.0
2018-08-16,101870.0
2018-08-17,101880.0
2018-08-20,101875.0
2018-08-21,101935.0
2018-08-22,101935.0
2018-08-23,101965.0
2018-08-24,101970.0
2018-08-27,101970.0
2018-08-28,101980.0
2018-08-29,101980.0
2018-08-30,101960.0
2018-08-31,101980.0
2018-09-03,102020.0
2018-09-04,102035.0
2018-09-05,102025.0
2018-09-06,102045.0
2018-09-07,102030.0
2018-09-10,102025.0
2018-09-11,102025.0
2018-09-12,102035.0
2018-09-13,102045.0
2018-09-14,102035.0
2018-09-17,102020.0
2018-09-18,102015.0
2018-09-19,102010.0
2018-09-20,102030.0
2018-09-21,102015.0
2018-09-27,102025.0
2018-09-28,102040.0
2018-10-01,102040.0
2018-10-02,102045.0
2018-10-04,102055.0
2018-10-05,102055.0
2018-10-08,102050.0
2018-10-10,102065.0
2018-10-11,102105.0
2018-10-12,102095.0
2018-10-15,102110.0
2018-10-16,102105.0
2018-10-17,102100.0
2018-10-18,102145.0
2018-10-19,102160.0
2018-10-22,102285.0
2018-10-23,102165.0
2018-10-24,102150.0
2018-10-25,102170.0
2018-10-26,102170.0
2018-10-29,102170.0
2018-10-30,102205.0
2018-10-31,102210.0
2018-11-01,102220.0
2018-11-02,102230.0
2018-11-05,102225.0
2018-11-06,102240.0
2018-11-07,102245.0
2018-11-08,102250.0
2018-11-09,102260.0
2018-11-12,102255.0
2018-11-13,102265.0
2018-11-14,102270.0
2018-11-15,102290.0
2018-11-16,102270.0
2018-11-19,102280.0
2018-11-20,102290.0
2018-11-21,102280.0
2018-11-22,102305.0
2018-11-23,102305.0
2018-11-26,102310.0
2018-11-27,102330.0
2018-11-28,102330.0
2018-11-29,102355.0
2018-11-30,102365.0
2018-12-03,102365.0
2018-12-04,102370.0
2018-12-05,102375.0
2018-12-06,102400.0
2018-12-07,102410.0
2018-12-10,102435.0
2018-12-11,102445.0
2018-12-12,102460.0
2018-12-13,102465.0
2018-12-14,102470.0
2018-12-17,102475.0
2018-12-18,102495.0
2018-12-19,102510.0
2018-12-20,102530.0
2018-12-21,102530.0
2018-12-24,102505.0
2018-12-26,102525.0
2018-12-27,100855.0
2018-12-28,100850.0
2019-01-02,100885.0
2019-01-03,100935.0
2019-01-04,100935.0
2019-01-07,100955.0
2019-01-08,100950.0
2019-01-09,100940.0
2019-01-10,100965.0
2019-01-11,100965.0
2019-01-14,100950.0
2019-01-15,100955.0
2019-01-16,100970.0
2019-01-17,100980.0
2019-01-18,100980.0
2019-01-21,100975.0
2019-01-22,100990.0
2019-01-23,100985.0
2019-01-24,101005.0
2019-01-25,101000.0
2019-01-28,101010.0
2019-01-29,100995.0
2019-01-30,101010.0
2019-01-31,101030.0
2019-02-01,101040.0
2019-02-07,101065.0
2019-02-08,101080.0
2019-02-11,101085.0
2019-02-12,101085.0
2019-02-13,101090.0
2019-02-14,101105.0
2019-02-15,101110.0
2019-02-18,101110.0
2019-02-19,101105.0
2019-02-20,101105.0
2019-02-21,101110.0
2019-02-22,101115.0
2019-02-25,101115.0
2019-02-26,101120.0
2019-02-27,101145.0
2019-02-28,101160.0
2019-03-04,101155.0
2019-03-05,101155.0
2019-03-06,101160.0
2019-03-07,101180.0
2019-03-08,101195.0
2019-03-11,101195.0
2019-03-12,101200.0
2019-03-13,101215.0
2019-03-14,101215.0
2019-03-15,101220.0
2019-03-18,101225.0
2019-03-19,101230.0
