Date,TIGER 200 경기소비재
2014-01-13,20275.0
2014-01-14,20205.0
2014-01-15,20310.0
2014-01-16,20405.0
2014-01-17,20385.0
2014-01-20,20315.0
2014-01-21,20580.0
2014-01-22,20685.0
2014-01-23,20535.0
2014-01-24,20150.0
2014-01-27,20235.0
2014-01-28,20700.0
2014-01-29,20820.0
2014-02-03,20650.0
2014-02-04,20345.0
2014-02-05,20665.0
2014-02-06,20645.0
2014-02-07,20785.0
2014-02-10,20800.0
2014-02-11,20800.0
2014-02-12,20620.0
2014-02-13,20565.0
2014-02-14,20730.0
2014-02-17,20690.0
2014-02-18,20630.0
2014-02-19,20440.0
2014-02-20,20440.0
2014-02-21,20800.0
2014-02-24,20525.0
2014-02-25,20775.0
2014-02-26,21095.0
2014-02-27,21240.0
2014-02-28,21340.0
2014-03-03,21240.0
2014-03-04,21105.0
2014-03-05,21185.0
2014-03-06,21120.0
2014-03-07,20975.0
2014-03-10,20800.0
2014-03-11,20845.0
2014-03-12,20880.0
2014-03-13,20610.0
2014-03-14,20425.0
2014-03-17,20800.0
2014-03-18,20860.0
2014-03-19,20910.0
2014-03-20,20675.0
2014-03-21,20945.0
2014-03-24,20925.0
2014-03-25,20950.0
2014-03-26,21275.0
2014-03-27,21425.0
2014-03-28,21620.0
2014-03-31,21835.0
2014-04-01,21725.0
2014-04-02,21780.0
2014-04-03,21555.0
2014-04-04,21690.0
2014-04-07,21410.0
2014-04-08,21640.0
2014-04-09,21380.0
2014-04-10,21400.0
2014-04-11,21265.0
2014-04-14,21490.0
2014-04-15,21320.0
2014-04-16,21365.0
2014-04-17,21190.0
2014-04-18,21425.0
2014-04-21,21250.0
2014-04-22,21365.0
2014-04-23,21255.0
2014-04-24,21285.0
2014-04-25,20970.0
2014-04-28,20980.0
2014-04-29,20875.0
2014-04-30,20705.0
2014-05-02,20485.0
2014-05-07,20205.0
2014-05-08,20425.0
2014-05-09,20655.0
2014-05-12,20550.0
2014-05-13,20785.0
2014-05-14,21160.0
2014-05-15,21185.0
2014-05-16,21070.0
2014-05-19,20945.0
2014-05-20,20745.0
2014-05-21,20935.0
2014-05-22,21000.0
2014-05-23,21080.0
2014-05-26,21025.0
2014-05-27,20815.0
2014-05-28,21040.0
2014-05-29,20880.0
2014-05-30,20775.0
2014-06-02,20770.0
2014-06-03,20790.0
2014-06-05,20670.0
2014-06-09,20520.0
2014-06-10,20575.0
2014-06-11,20560.0
2014-06-12,20650.0
2014-06-13,20550.0
2014-06-16,20450.0
2014-06-17,20740.0
2014-06-18,20590.0
2014-06-19,20525.0
2014-06-20,20210.0
2014-06-23,20180.0
2014-06-24,20375.0
2014-06-25,20395.0
2014-06-26,20640.0
2014-06-27,20625.0
2014-06-30,20645.0
2014-07-01,20585.0
2014-07-02,20655.0
2014-07-03,20670.0
2014-07-04,20655.0
2014-07-07,20625.0
2014-07-08,20500.0
2014-07-09,20505.0
2014-07-10,20610.0
2014-07-11,20465.0
2014-07-14,20475.0
2014-07-15,20855.0
2014-07-16,21025.0
2014-07-17,21005.0
2014-07-18,20960.0
2014-07-21,20790.0
2014-07-22,20875.0
2014-07-23,20735.0
2014-07-24,20830.0
2014-07-25,20975.0
2014-07-28,21030.0
2014-07-29,21525.0
2014-07-30,21865.0
2014-07-31,21885.0
2014-08-01,21920.0
2014-08-04,21665.0
2014-08-05,21565.0
2014-08-06,21325.0
2014-08-07,21405.0
2014-08-08,21130.0
2014-08-11,21145.0
2014-08-12,21320.0
2014-08-13,21550.0
2014-08-14,21460.0
2014-08-18,21290.0
2014-08-19,21360.0
2014-08-20,21435.0
2014-08-21,21150.0
2014-08-22,21305.0
2014-08-25,21335.0
2014-08-26,21465.0
2014-08-27,21375.0
2014-08-28,21425.0
2014-08-29,21540.0
2014-09-01,21615.0
2014-09-02,21335.0
2014-09-03,21145.0
2014-09-04,21045.0
2014-09-05,20870.0
2014-09-11,20600.0
2014-09-12,20775.0
2014-09-15,21055.0
2014-09-16,21000.0
2014-09-17,20990.0
2014-09-18,20010.0
2014-09-19,20070.0
2014-09-22,19970.0
2014-09-23,19700.0
2014-09-24,19720.0
2014-09-25,19880.0
2014-09-26,19715.0
2014-09-29,19650.0
2014-09-30,19760.0
2014-10-01,19695.0
2014-10-02,19180.0
2014-10-06,19345.0
2014-10-07,19300.0
2014-10-08,19310.0
2014-10-10,19230.0
2014-10-13,19065.0
2014-10-14,18880.0
2014-10-15,18675.0
2014-10-16,18355.0
2014-10-17,18245.0
2014-10-20,18550.0
2014-10-21,18495.0
2014-10-22,18375.0
2014-10-23,18800.0
2014-10-24,18825.0
2014-10-27,18935.0
2014-10-28,18710.0
2014-10-29,18740.0
2014-10-30,18640.0
2014-10-31,18455.0
2014-11-03,17920.0
2014-11-04,17710.0
2014-11-05,17605.0
2014-11-06,17920.0
2014-11-07,18075.0
2014-11-10,18320.0
2014-11-11,18515.0
2014-11-12,18480.0
2014-11-13,18605.0
2014-11-14,18515.0
2014-11-17,18465.0
2014-11-18,18525.0
2014-11-19,18420.0
2014-11-20,18375.0
2014-11-21,18240.0
2014-11-24,18510.0
2014-11-25,18685.0
2014-11-26,18670.0
2014-11-27,18715.0
2014-11-28,18645.0
2014-12-01,18675.0
2014-12-02,18485.0
2014-12-03,18540.0
2014-12-04,18890.0
2014-12-05,19115.0
2014-12-08,18960.0
2014-12-09,18750.0
2014-12-10,18520.0
2014-12-11,18320.0
2014-12-12,18455.0
2014-12-15,18325.0
2014-12-16,18300.0
2014-12-17,18000.0
2014-12-18,17925.0
2014-12-19,18000.0
2014-12-22,18100.0
2014-12-23,18100.0
2014-12-24,18365.0
2014-12-26,18350.0
2014-12-29,18385.0
2014-12-30,18035.0
2015-01-02,18175.0
2015-01-05,18110.0
2015-01-06,17670.0
2015-01-07,17900.0
2015-01-08,18135.0
2015-01-09,18280.0
2015-01-12,18300.0
2015-01-13,18755.0
2015-01-14,18550.0
2015-01-15,18565.0
2015-01-16,18335.0
2015-01-19,18270.0
2015-01-20,18405.0
2015-01-21,18230.0
2015-01-22,18100.0
2015-01-23,18190.0
2015-01-26,17995.0
2015-01-27,18055.0
2015-01-28,17965.0
2015-01-29,18080.0
2015-01-30,18270.0
2015-02-02,18225.0
2015-02-03,17905.0
2015-02-04,18035.0
2015-02-05,18115.0
2015-02-06,17830.0
2015-02-09,17395.0
2015-02-10,17395.0
2015-02-11,17490.0
2015-02-12,17515.0
2015-02-13,17585.0
2015-02-16,17645.0
2015-02-17,17840.0
2015-02-23,17965.0
2015-02-24,18030.0
2015-02-25,18115.0
2015-02-26,17990.0
2015-02-27,17905.0
2015-03-02,17825.0
2015-03-03,18140.0
2015-03-04,18070.0
2015-03-05,18250.0
2015-03-06,18500.0
2015-03-09,18320.0
2015-03-10,18320.0
2015-03-11,18315.0
2015-03-12,18075.0
2015-03-13,18080.0
2015-03-16,18230.0
2015-03-17,18610.0
2015-03-18,18615.0
2015-03-19,18555.0
2015-03-20,18390.0
2015-03-23,18300.0
2015-03-24,18210.0
2015-03-25,17960.0
2015-03-26,17890.0
2015-03-27,17900.0
2015-03-30,18010.0
2015-03-31,17980.0
2015-04-01,17770.0
2015-04-02,17775.0
2015-04-03,17955.0
2015-04-06,17705.0
2015-04-07,17760.0
2015-04-08,17730.0
2015-04-09,17615.0
2015-04-10,17930.0
2015-04-13,17960.0
2015-04-14,18360.0
2015-04-15,18415.0
2015-04-16,18465.0
2015-04-17,18665.0
2015-04-20,18715.0
2015-04-21,18650.0
2015-04-22,18645.0
2015-04-23,19190.0
2015-04-24,19265.0
2015-04-27,19310.0
2015-04-28,18990.0
2015-04-29,18605.0
2015-04-30,18295.0
2015-05-04,18445.0
2015-05-06,18375.0
2015-05-07,18180.0
2015-05-08,18290.0
2015-05-11,18110.0
2015-05-12,18155.0
2015-05-13,18180.0
2015-05-14,18195.0
2015-05-15,18195.0
2015-05-18,18140.0
2015-05-19,18095.0
2015-05-20,18245.0
2015-05-21,18080.0
2015-05-22,18350.0
2015-05-26,18300.0
2015-05-27,18060.0
2015-05-28,18080.0
2015-05-29,18140.0
2015-06-01,17840.0
2015-06-02,16900.0
2015-06-03,16835.0
2015-06-04,16870.0
2015-06-05,16890.0
2015-06-08,16640.0
2015-06-09,16620.0
2015-06-10,16640.0
2015-06-11,16935.0
2015-06-12,16785.0
2015-06-15,16670.0
2015-06-16,16630.0
2015-06-17,16560.0
2015-06-18,16440.0
2015-06-19,16370.0
2015-06-22,16585.0
2015-06-23,16600.0
2015-06-24,16650.0
2015-06-25,16600.0
2015-06-26,16700.0
2015-06-29,16620.0
2015-06-30,16810.0
2015-07-01,16850.0
2015-07-02,16825.0
2015-07-03,16920.0
2015-07-06,16555.0
2015-07-07,16575.0
2015-07-08,16490.0
2015-07-09,16305.0
2015-07-10,16115.0
2015-07-13,16135.0
2015-07-14,16260.0
2015-07-15,16495.0
2015-07-16,16400.0
2015-07-17,16045.0
2015-07-20,16135.0
2015-07-21,16610.0
2015-07-22,16565.0
2015-07-23,16850.0
2015-07-24,16800.0
2015-07-27,17205.0
2015-07-28,17170.0
2015-07-29,17125.0
2015-07-30,17390.0
2015-07-31,17305.0
2015-08-03,17120.0
2015-08-04,17170.0
2015-08-05,17365.0
2015-08-06,17090.0
2015-08-07,16855.0
2015-08-10,16890.0
2015-08-11,16700.0
2015-08-12,17050.0
2015-08-13,17035.0
2015-08-17,17000.0
2015-08-18,17090.0
2015-08-19,17095.0
2015-08-20,17045.0
2015-08-21,16680.0
2015-08-24,16250.0
2015-08-25,16635.0
2015-08-26,17070.0
2015-08-27,17160.0
2015-08-28,17085.0
2015-08-31,17260.0
2015-09-01,17225.0
2015-09-02,17440.0
2015-09-03,17345.0
2015-09-04,17055.0
2015-09-07,17105.0
2015-09-08,17315.0
2015-09-09,17475.0
2015-09-10,17665.0
2015-09-11,17565.0
2015-09-14,17480.0
2015-09-15,17650.0
2015-09-16,17990.0
2015-09-17,17875.0
2015-09-18,18000.0
2015-09-21,17645.0
2015-09-22,18010.0
2015-09-23,17390.0
2015-09-24,17495.0
2015-09-25,17670.0
2015-09-30,17885.0
2015-10-01,18225.0
2015-10-02,18180.0
2015-10-05,17985.0
2015-10-06,17720.0
2015-10-07,17825.0
2015-10-08,17955.0
2015-10-12,17810.0
2015-10-13,18065.0
2015-10-14,18020.0
2015-10-15,18105.0
2015-10-16,17830.0
2015-10-19,17880.0
2015-10-20,17940.0
2015-10-21,18100.0
2015-10-22,17895.0
2015-10-23,17875.0
2015-10-26,17995.0
2015-10-27,18110.0
2015-10-28,17910.0
2015-10-29,17820.0
2015-10-30,17905.0
2015-11-02,18000.0
2015-11-03,18390.0
2015-11-04,18460.0
2015-11-05,18355.0
2015-11-06,18315.0
2015-11-09,18325.0
2015-11-10,18095.0
2015-11-11,17915.0
2015-11-12,17975.0
2015-11-13,17680.0
2015-11-16,17490.0
2015-11-17,17490.0
2015-11-18,17585.0
2015-11-19,17610.0
2015-11-20,17575.0
2015-11-23,17590.0
2015-11-24,17635.0
2015-11-25,17500.0
2015-11-26,17520.0
2015-11-27,17550.0
2015-11-30,17250.0
2015-12-01,17570.0
2015-12-02,17580.0
2015-12-03,17390.0
2015-12-04,17250.0
2015-12-07,17170.0
2015-12-08,17080.0
2015-12-09,17000.0
2015-12-10,17100.0
2015-12-11,16900.0
2015-12-14,17160.0
2015-12-15,17095.0
2015-12-16,17550.0
2015-12-17,17625.0
2015-12-18,17690.0
2015-12-21,17520.0
2015-12-22,17600.0
2015-12-23,17635.0
2015-12-24,17550.0
2015-12-28,17330.0
2015-12-29,17415.0
2015-12-30,17315.0
2016-01-04,16955.0
2016-01-05,16895.0
2016-01-06,16765.0
2016-01-07,16690.0
2016-01-08,16630.0
2016-01-11,16785.0
2016-01-12,16900.0
2016-01-13,17010.0
2016-01-14,16970.0
2016-01-15,16865.0
2016-01-18,16755.0
2016-01-19,16860.0
2016-01-20,16640.0
2016-01-21,16535.0
2016-01-22,16870.0
2016-01-25,17030.0
2016-01-26,16665.0
2016-01-27,17050.0
2016-01-28,16855.0
2016-01-29,16895.0
2016-02-01,16885.0
2016-02-02,16750.0
2016-02-03,16620.0
2016-02-04,16925.0
2016-02-05,16950.0
2016-02-11,16665.0
2016-02-12,16915.0
2016-02-15,17095.0
2016-02-16,17155.0
2016-02-17,17395.0
2016-02-18,17455.0
2016-02-19,17580.0
2016-02-22,17495.0
2016-02-23,17545.0
2016-02-24,17575.0
2016-02-25,17460.0
2016-02-26,17545.0
2016-02-29,17395.0
2016-03-02,17550.0
2016-03-03,17505.0
2016-03-04,17430.0
2016-03-07,17470.0
2016-03-08,17430.0
2016-03-09,17700.0
2016-03-10,17685.0
2016-03-11,17525.0
2016-03-14,17500.0
2016-03-15,17325.0
2016-03-16,17380.0
2016-03-17,17420.0
2016-03-18,17430.0
2016-03-21,17600.0
2016-03-22,17880.0
2016-03-23,17795.0
2016-03-24,17615.0
2016-03-25,17490.0
2016-03-28,17535.0
2016-03-29,17605.0
2016-03-30,17565.0
2016-03-31,17345.0
2016-04-01,17090.0
2016-04-04,16775.0
2016-04-05,16820.0
2016-04-06,16795.0
2016-04-07,16800.0
2016-04-08,16870.0
2016-04-11,16820.0
2016-04-12,16930.0
2016-04-14,17180.0
2016-04-15,17270.0
2016-04-18,17405.0
2016-04-19,17520.0
2016-04-20,17300.0
2016-04-21,17400.0
2016-04-22,17435.0
2016-04-25,17290.0
2016-04-26,17570.0
2016-04-27,17395.0
2016-04-28,17060.0
2016-04-29,17010.0
2016-05-02,16920.0
2016-05-03,16825.0
2016-05-04,16715.0
2016-05-09,16465.0
2016-05-10,16645.0
2016-05-11,16695.0
2016-05-12,16655.0
2016-05-13,16520.0
2016-05-16,16465.0
2016-05-17,16480.0
2016-05-18,16230.0
2016-05-19,16195.0
2016-05-20,16180.0
2016-05-23,16140.0
2016-05-24,16025.0
2016-05-25,16225.0
2016-05-26,16210.0
2016-05-27,16330.0
2016-05-30,16260.0
2016-05-31,16490.0
2016-06-01,16455.0
2016-06-02,16350.0
2016-06-03,16485.0
2016-06-07,16580.0
2016-06-08,16745.0
2016-06-09,16535.0
2016-06-10,16655.0
2016-06-13,16350.0
2016-06-14,16345.0
2016-06-15,16300.0
2016-06-16,16155.0
2016-06-17,16155.0
2016-06-20,16445.0
2016-06-21,16380.0
2016-06-22,16380.0
2016-06-23,16425.0
2016-06-24,15900.0
2016-06-27,16125.0
2016-06-28,16070.0
2016-06-29,16150.0
2016-06-30,16100.0
2016-07-01,16245.0
2016-07-04,16200.0
2016-07-05,16030.0
2016-07-06,15730.0
2016-07-07,15875.0
2016-07-08,15675.0
2016-07-11,15935.0
2016-07-12,16085.0
2016-07-13,16155.0
2016-07-14,16140.0
2016-07-15,16120.0
2016-07-18,16050.0
2016-07-19,16025.0
2016-07-20,15970.0
2016-07-21,16030.0
2016-07-22,16020.0
2016-07-25,16165.0
2016-07-26,16225.0
2016-07-27,16220.0
2016-07-28,16230.0
2016-07-29,16000.0
2016-08-01,16120.0
2016-08-02,16050.0
2016-08-03,15845.0
2016-08-04,15835.0
2016-08-05,16030.0
2016-08-08,16030.0
2016-08-09,16205.0
2016-08-10,16200.0
2016-08-11,16275.0
2016-08-12,16325.0
2016-08-16,16200.0
2016-08-17,16155.0
2016-08-18,16075.0
2016-08-19,16170.0
2016-08-22,16040.0
2016-08-23,15965.0
2016-08-24,16055.0
2016-08-25,16215.0
2016-08-26,16340.0
2016-08-29,16155.0
2016-08-30,16245.0
2016-08-31,16165.0
2016-09-01,16115.0
2016-09-02,16275.0
2016-09-05,16690.0
2016-09-06,16720.0
2016-09-07,16780.0
2016-09-08,16790.0
2016-09-09,16585.0
2016-09-12,16565.0
2016-09-13,16625.0
2016-09-19,16625.0
2016-09-20,16790.0
2016-09-21,16720.0
2016-09-22,16850.0
2016-09-23,17010.0
2016-09-26,16865.0
2016-09-27,17030.0
2016-09-28,16870.0
2016-09-29,16895.0
2016-09-30,16610.0
2016-10-04,16750.0
2016-10-05,16745.0
2016-10-06,16790.0
2016-10-07,16740.0
2016-10-10,16790.0
2016-10-11,16695.0
2016-10-12,16790.0
2016-10-13,16585.0
2016-10-14,16550.0
2016-10-17,16505.0
2016-10-18,16510.0
2016-10-19,16475.0
2016-10-20,16390.0
2016-10-21,16375.0
2016-10-24,16470.0
2016-10-25,16545.0
2016-10-26,16445.0
2016-10-27,16350.0
2016-10-28,16500.0
2016-10-31,16455.0
2016-11-01,16455.0
2016-11-02,16240.0
2016-11-03,16170.0
2016-11-04,16115.0
2016-11-07,16180.0
2016-11-08,16285.0
2016-11-09,15725.0
2016-11-10,15595.0
2016-11-11,15570.0
2016-11-14,15490.0
2016-11-15,15295.0
2016-11-16,15370.0
2016-11-17,15355.0
2016-11-18,15200.0
2016-11-21,15305.0
2016-11-22,15365.0
2016-11-23,15360.0
2016-11-24,15410.0
2016-11-25,15420.0
2016-11-28,15460.0
2016-11-29,15255.0
2016-11-30,15225.0
2016-12-01,15295.0
2016-12-02,15180.0
2016-12-05,15175.0
2016-12-06,15320.0
2016-12-07,15320.0
2016-12-08,15670.0
2016-12-09,15700.0
2016-12-12,15890.0
2016-12-13,15780.0
2016-12-14,15865.0
2016-12-15,15800.0
2016-12-16,15735.0
2016-12-19,15640.0
2016-12-20,15770.0
2016-12-21,15840.0
2016-12-22,15740.0
2016-12-23,15820.0
2016-12-26,15710.0
2016-12-27,15800.0
2016-12-28,15840.0
2016-12-29,15915.0
2017-01-02,16250.0
2017-01-03,16455.0
2017-01-04,16505.0
2017-01-05,16510.0
2017-01-06,16455.0
2017-01-09,16330.0
2017-01-10,16330.0
2017-01-11,16265.0
2017-01-12,16200.0
2017-01-13,16365.0
2017-01-16,16370.0
2017-01-17,16460.0
2017-01-18,16535.0
2017-01-19,16365.0
2017-01-20,16310.0
2017-01-23,16110.0
2017-01-24,15950.0
2017-01-25,15700.0
2017-01-26,15755.0
2017-01-31,15335.0
2017-02-01,15405.0
2017-02-02,15300.0
2017-02-03,15260.0
2017-02-06,15235.0
2017-02-07,15420.0
2017-02-08,15440.0
2017-02-09,15455.0
2017-02-10,15530.0
2017-02-13,15535.0
2017-02-14,15710.0
2017-02-15,15960.0
2017-02-16,16025.0
2017-02-17,16025.0
2017-02-20,15960.0
2017-02-21,16055.0
2017-02-22,16040.0
2017-02-23,15955.0
2017-02-24,16070.0
2017-02-27,16210.0
2017-02-28,16045.0
2017-03-02,15820.0
2017-03-03,15370.0
2017-03-06,15355.0
2017-03-07,15500.0
2017-03-08,15475.0
2017-03-09,15445.0
2017-03-10,15435.0
2017-03-13,15560.0
2017-03-14,15725.0
2017-03-15,15680.0
2017-03-16,15675.0
2017-03-17,15830.0
2017-03-20,15910.0
2017-03-21,16505.0
2017-03-22,16520.0
2017-03-23,16440.0
2017-03-24,16370.0
2017-03-27,16170.0
2017-03-28,16135.0
2017-03-29,15925.0
2017-03-30,15940.0
2017-03-31,16085.0
2017-04-03,15970.0
2017-04-04,15960.0
2017-04-05,15700.0
2017-04-06,15590.0
2017-04-07,15550.0
2017-04-10,15385.0
2017-04-11,15255.0
2017-04-12,15410.0
2017-04-13,15485.0
2017-04-14,15415.0
2017-04-17,15550.0
2017-04-18,15470.0
2017-04-19,15320.0
2017-04-20,15595.0
2017-04-21,15650.0
2017-04-24,15730.0
2017-04-25,15825.0
2017-04-26,15950.0
2017-04-27,15620.0
2017-04-28,15340.0
2017-05-02,15625.0
2017-05-04,15660.0
2017-05-08,16170.0
2017-05-10,16140.0
2017-05-11,16405.0
2017-05-12,16255.0
2017-05-15,16165.0
2017-05-16,16190.0
2017-05-17,16360.0
2017-05-18,16595.0
2017-05-19,16900.0
2017-05-22,16970.0
2017-05-23,17115.0
2017-05-24,16865.0
2017-05-25,17015.0
2017-05-26,17030.0
2017-05-29,17040.0
2017-05-30,17160.0
2017-05-31,17105.0
2017-06-01,17165.0
2017-06-02,17060.0
2017-06-05,17180.0
2017-06-07,17025.0
2017-06-08,17025.0
2017-06-09,16995.0
2017-06-12,16890.0
2017-06-13,17100.0
2017-06-14,17185.0
2017-06-15,16945.0
2017-06-16,16985.0
2017-06-19,16955.0
2017-06-20,16800.0
2017-06-21,16590.0
2017-06-22,16695.0
2017-06-23,16810.0
2017-06-26,16755.0
2017-06-27,16695.0
2017-06-28,16685.0
2017-06-29,16800.0
2017-06-30,16645.0
2017-07-03,16940.0
2017-07-04,16670.0
2017-07-05,16540.0
2017-07-06,16510.0
2017-07-07,16300.0
2017-07-10,16215.0
2017-07-11,16210.0
2017-07-12,16180.0
2017-07-13,16215.0
2017-07-14,16275.0
2017-07-17,16350.0
2017-07-18,16260.0
2017-07-19,16170.0
2017-07-20,16190.0
2017-07-21,16120.0
2017-07-24,16150.0
2017-07-25,16200.0
2017-07-26,16275.0
2017-07-27,16285.0
2017-07-28,16480.0
2017-07-31,16150.0
2017-08-01,16205.0
2017-08-02,16235.0
2017-08-03,16170.0
2017-08-04,16400.0
2017-08-07,16340.0
2017-08-08,16000.0
2017-08-09,16080.0
2017-08-10,16115.0
2017-08-11,15875.0
2017-08-14,15965.0
2017-08-16,15835.0
2017-08-17,15835.0
2017-08-18,15810.0
2017-08-21,15760.0
2017-08-22,15875.0
2017-08-23,15890.0
2017-08-24,15965.0
2017-08-25,15910.0
2017-08-28,15940.0
2017-08-29,15695.0
2017-08-30,15645.0
2017-08-31,15510.0
2017-09-01,15495.0
2017-09-04,15375.0
2017-09-05,15200.0
2017-09-06,15035.0
2017-09-07,15125.0
2017-09-08,14845.0
2017-09-11,14780.0
2017-09-12,14805.0
2017-09-13,14650.0
2017-09-14,14730.0
2017-09-15,14745.0
2017-09-18,15000.0
2017-09-19,14975.0
2017-09-20,15040.0
2017-09-21,14880.0
2017-09-22,14820.0
2017-09-25,14855.0
2017-09-26,15245.0
2017-09-27,15250.0
2017-09-28,15300.0
2017-09-29,15565.0
2017-10-10,15500.0
2017-10-11,15735.0
2017-10-12,15825.0
2017-10-13,15870.0
2017-10-16,15915.0
2017-10-17,15700.0
2017-10-18,15895.0
2017-10-19,16020.0
2017-10-20,15975.0
2017-10-23,16060.0
2017-10-24,15980.0
2017-10-25,15900.0
2017-10-26,16355.0
2017-10-27,16365.0
2017-10-30,16290.0
2017-10-31,16755.0
2017-11-01,16640.0
2017-11-02,16615.0
2017-11-03,16735.0
2017-11-06,16685.0
2017-11-07,16565.0
2017-11-08,16630.0
2017-11-09,16690.0
2017-11-10,16670.0
2017-11-13,16875.0
2017-11-14,16735.0
2017-11-15,16720.0
2017-11-16,16675.0
2017-11-17,16550.0
2017-11-20,16420.0
2017-11-21,16510.0
2017-11-22,16435.0
2017-11-23,16475.0
2017-11-24,16475.0
2017-11-27,16595.0
2017-11-28,16625.0
2017-11-29,16685.0
2017-11-30,16905.0
2017-12-01,16780.0
2017-12-04,16765.0
2017-12-05,16995.0
2017-12-06,16830.0
2017-12-07,16725.0
2017-12-08,16370.0
2017-12-11,16220.0
2017-12-12,16190.0
2017-12-13,16465.0
2017-12-14,16425.0
2017-12-15,16525.0
2017-12-18,16550.0
2017-12-19,16430.0
2017-12-20,16295.0
2017-12-21,16130.0
2017-12-22,16055.0
2017-12-26,16155.0
2017-12-27,16545.0
2017-12-28,16385.0
2018-01-02,16255.0
2018-01-03,16300.0
2018-01-04,16015.0
2018-01-05,15985.0
2018-01-08,16125.0
2018-01-09,16325.0
2018-01-10,16510.0
2018-01-11,16420.0
2018-01-12,16275.0
2018-01-15,16260.0
2018-01-16,16470.0
2018-01-17,16570.0
2018-01-18,16550.0
2018-01-19,16945.0
2018-01-22,16925.0
2018-01-23,16920.0
2018-01-24,16880.0
2018-01-25,16855.0
2018-01-26,16575.0
2018-01-29,16735.0
2018-01-30,16660.0
2018-01-31,16925.0
2018-02-01,16950.0
2018-02-02,17060.0
2018-02-05,16875.0
2018-02-06,16505.0
2018-02-07,16225.0
2018-02-08,16385.0
2018-02-09,15980.0
2018-02-12,15770.0
2018-02-13,15595.0
2018-02-14,15600.0
2018-02-19,15730.0
2018-02-20,15610.0
2018-02-21,15845.0
2018-02-22,15790.0
2018-02-23,15995.0
2018-02-26,16080.0
2018-02-27,16015.0
2018-02-28,16000.0
2018-03-02,15675.0
2018-03-05,15460.0
2018-03-06,15615.0
2018-03-07,15295.0
2018-03-08,15360.0
2018-03-09,15630.0
2018-03-12,15770.0
2018-03-13,15625.0
2018-03-14,15755.0
2018-03-15,15755.0
2018-03-16,15800.0
2018-03-19,15510.0
2018-03-20,15655.0
2018-03-21,15700.0
2018-03-22,15785.0
2018-03-23,15485.0
2018-03-26,15475.0
2018-03-27,15780.0
2018-03-28,15925.0
2018-03-29,15720.0
2018-03-30,15730.0
2018-04-02,16000.0
2018-04-03,16220.0
2018-04-04,16370.0
2018-04-05,16250.0
2018-04-06,16185.0
2018-04-09,16140.0
2018-04-10,16325.0
2018-04-11,16215.0
2018-04-12,16065.0
2018-04-13,15920.0
2018-04-16,16010.0
2018-04-17,16055.0
2018-04-18,16245.0
2018-04-19,16010.0
2018-04-20,16035.0
2018-04-23,16005.0
2018-04-24,16205.0
2018-04-25,16210.0
2018-04-26,16040.0
2018-04-27,15900.0
2018-04-30,16125.0
2018-05-02,16060.0
2018-05-03,15935.0
2018-05-04,15765.0
2018-05-08,15590.0
2018-05-09,15695.0
2018-05-10,15595.0
2018-05-11,15735.0
2018-05-14,15695.0
2018-05-15,15625.0
2018-05-16,15670.0
2018-05-17,15645.0
2018-05-18,15675.0
2018-05-21,15700.0
2018-05-23,15555.0
2018-05-24,15300.0
2018-05-25,15125.0
2018-05-28,15165.0
2018-05-29,15055.0
2018-05-30,14800.0
2018-05-31,14845.0
2018-06-01,15085.0
2018-06-04,15245.0
2018-06-05,15210.0
2018-06-07,15300.0
2018-06-08,15260.0
2018-06-11,15205.0
2018-06-12,15305.0
2018-06-14,15070.0
2018-06-15,14930.0
2018-06-18,14810.0
2018-06-19,14655.0
2018-06-20,14600.0
2018-06-21,14350.0
2018-06-22,14385.0
2018-06-25,14555.0
2018-06-26,14460.0
2018-06-27,14340.0
2018-06-28,14300.0
2018-06-29,14150.0
2018-07-02,14050.0
2018-07-03,13750.0
2018-07-04,13520.0
2018-07-05,13620.0
2018-07-06,13995.0
2018-07-09,13980.0
2018-07-10,13890.0
2018-07-11,13805.0
2018-07-12,13960.0
2018-07-13,14025.0
2018-07-16,14270.0
2018-07-17,14350.0
2018-07-18,14205.0
2018-07-19,14110.0
2018-07-20,14200.0
2018-07-23,14350.0
2018-07-24,14225.0
2018-07-25,14315.0
2018-07-26,14350.0
2018-07-27,14470.0
2018-07-30,14480.0
2018-07-31,14350.0
2018-08-01,14480.0
2018-08-02,14210.0
2018-08-03,14285.0
2018-08-06,14315.0
2018-08-07,14375.0
2018-08-08,14540.0
2018-08-09,14515.0
2018-08-10,14555.0
2018-08-13,14400.0
2018-08-14,14380.0
2018-08-16,14385.0
2018-08-17,14410.0
2018-08-20,14475.0
2018-08-21,14445.0
2018-08-22,14400.0
2018-08-23,14335.0
2018-08-24,14290.0
2018-08-27,14310.0
2018-08-28,14400.0
2018-08-29,14370.0
2018-08-30,14270.0
2018-08-31,14285.0
2018-09-03,14300.0
2018-09-04,14455.0
2018-09-05,14575.0
2018-09-06,14740.0
2018-09-07,14700.0
2018-09-10,14600.0
2018-09-11,14525.0
2018-09-12,14510.0
2018-09-13,14540.0
2018-09-14,14630.0
2018-09-17,14535.0
2018-09-18,14625.0
2018-09-19,14460.0
2018-09-20,14600.0
2018-09-21,14695.0
2018-09-27,14870.0
2018-09-28,14830.0
2018-10-01,14680.0
2018-10-02,14600.0
2018-10-04,14150.0
2018-10-05,14215.0
2018-10-08,14030.0
2018-10-10,13890.0
2018-10-11,13415.0
2018-10-12,13390.0
2018-10-15,13115.0
2018-10-16,13225.0
2018-10-17,13420.0
2018-10-18,13210.0
2018-10-19,13230.0
2018-10-22,13325.0
2018-10-23,12935.0
2018-10-24,13095.0
2018-10-25,12675.0
2018-10-26,12500.0
2018-10-29,12245.0
2018-10-30,12400.0
2018-10-31,12520.0
2018-11-01,12445.0
2018-11-02,12580.0
2018-11-05,12355.0
2018-11-06,12630.0
2018-11-07,12500.0
2018-11-08,12640.0
2018-11-09,12475.0
2018-11-12,12215.0
2018-11-13,12255.0
2018-11-14,12370.0
2018-11-15,12370.0
2018-11-16,12560.0
2018-11-19,12625.0
2018-11-20,12415.0
2018-11-21,12325.0
2018-11-22,12000.0
2018-11-23,12045.0
2018-11-26,12195.0
2018-11-27,12455.0
2018-11-28,12535.0
2018-11-29,12635.0
2018-11-30,12775.0
2018-12-03,12835.0
2018-12-04,12770.0
2018-12-05,12735.0
2018-12-06,12730.0
2018-12-07,12745.0
2018-12-10,12685.0
2018-12-11,12770.0
2018-12-12,13215.0
2018-12-13,13455.0
2018-12-14,13210.0
2018-12-17,13350.0
2018-12-18,13380.0
2018-12-19,13605.0
2018-12-20,13475.0
2018-12-21,13325.0
2018-12-24,13355.0
2018-12-26,13035.0
2018-12-27,13305.0
2018-12-28,13380.0
2019-01-02,13115.0
2019-01-03,13235.0
2019-01-04,13590.0
2019-01-07,13535.0
2019-01-08,13400.0
2019-01-09,13695.0
2019-01-10,13565.0
2019-01-11,13620.0
2019-01-14,13610.0
2019-01-15,13920.0
2019-01-16,13860.0
2019-01-17,14000.0
2019-01-18,14300.0
2019-01-21,14105.0
2019-01-22,14180.0
2019-01-23,14445.0
2019-01-24,14320.0
2019-01-25,14335.0
2019-01-28,14400.0
2019-01-29,14375.0
2019-01-30,14580.0
2019-01-31,14690.0
2019-02-01,14535.0
2019-02-07,14500.0
2019-02-08,14365.0
2019-02-11,14400.0
2019-02-12,14470.0
2019-02-13,14380.0
2019-02-14,14250.0
2019-02-15,14255.0
2019-02-18,14190.0
2019-02-19,14170.0
2019-02-20,14285.0
2019-02-21,14375.0
2019-02-22,14365.0
2019-02-25,14325.0
2019-02-26,14480.0
2019-02-27,14745.0
2019-02-28,14700.0
2019-03-04,14355.0
2019-03-05,14170.0
2019-03-06,14350.0
2019-03-07,14285.0
2019-03-08,14085.0
2019-03-11,14030.0
2019-03-12,14225.0
2019-03-13,14080.0
2019-03-14,13870.0
2019-03-15,14155.0
2019-03-18,14540.0
2019-03-19,14490.0
