Date,파워 중기국고채
2014-01-13,102545.0
2014-01-14,102610.0
2014-01-15,102580.0
2014-01-16,102640.0
2014-01-17,102650.0
2014-01-20,102630.0
2014-01-21,102610.0
2014-01-22,102580.0
2014-01-23,102660.0
2014-01-24,102800.0
2014-01-27,102750.0
2014-01-28,102750.0
2014-01-29,102760.0
2014-02-03,102815.0
2014-02-04,102905.0
2014-02-05,102915.0
2014-02-06,102925.0
2014-02-07,102940.0
2014-02-10,102995.0
2014-02-11,103040.0
2014-02-12,103005.0
2014-02-13,103075.0
2014-02-14,103120.0
2014-02-17,103090.0
2014-02-18,103055.0
2014-02-19,103085.0
2014-02-20,103085.0
2014-02-21,103070.0
2014-02-24,103095.0
2014-02-25,103095.0
2014-02-26,103165.0
2014-02-27,103210.0
2014-02-28,103210.0
2014-03-03,103220.0
2014-03-04,103060.0
2014-03-05,103080.0
2014-03-06,102590.0
2014-03-07,102585.0
2014-03-10,102630.0
2014-03-11,102660.0
2014-03-12,102710.0
2014-03-13,102735.0
2014-03-14,102860.0
2014-03-17,102820.0
2014-03-18,102820.0
2014-03-19,102855.0
2014-03-20,102805.0
2014-03-21,102725.0
2014-03-24,102760.0
2014-03-25,102780.0
2014-03-26,102760.0
2014-03-27,102830.0
2014-03-28,102860.0
2014-03-31,102860.0
2014-04-01,102860.0
2014-04-02,102830.0
2014-04-03,102835.0
2014-04-04,102855.0
2014-04-07,102945.0
2014-04-08,102925.0
2014-04-09,102955.0
2014-04-10,102980.0
2014-04-11,102980.0
2014-04-14,102965.0
2014-04-15,102955.0
2014-04-16,102940.0
2014-04-17,103015.0
2014-04-18,102990.0
2014-04-21,102985.0
2014-04-22,102985.0
2014-04-23,103015.0
2014-04-24,103035.0
2014-04-25,103065.0
2014-04-28,103080.0
2014-04-29,103080.0
2014-04-30,103150.0
2014-05-02,103190.0
2014-05-07,103240.0
2014-05-08,103295.0
2014-05-09,103320.0
2014-05-12,103305.0
2014-05-13,103295.0
2014-05-14,103315.0
2014-05-15,103440.0
2014-05-16,103430.0
2014-05-19,103415.0
2014-05-20,103415.0
2014-05-21,103440.0
2014-05-22,103430.0
2014-05-23,103465.0
2014-05-26,103500.0
2014-05-27,103525.0
2014-05-28,103555.0
2014-05-29,103620.0
2014-05-30,103595.0
2014-06-02,103575.0
2014-06-03,103575.0
2014-06-05,102615.0
2014-06-09,102635.0
2014-06-10,102700.0
2014-06-11,102705.0
2014-06-12,102840.0
2014-06-13,102940.0
2014-06-16,102990.0
2014-06-17,102980.0
2014-06-18,102975.0
2014-06-19,103105.0
2014-06-20,103200.0
2014-06-23,103230.0
2014-06-24,103175.0
2014-06-25,103160.0
2014-06-26,103155.0
2014-06-27,103200.0
2014-06-30,103265.0
2014-07-01,103300.0
2014-07-02,103520.0
2014-07-03,103535.0
2014-07-04,103515.0
2014-07-07,103515.0
2014-07-08,103470.0
2014-07-09,103495.0
2014-07-10,103660.0
2014-07-11,103640.0
2014-07-14,103675.0
2014-07-15,103665.0
2014-07-16,103725.0
2014-07-17,103930.0
2014-07-18,103880.0
2014-07-21,103900.0
2014-07-22,103915.0
2014-07-23,104030.0
2014-07-24,103985.0
2014-07-25,103985.0
2014-07-28,103990.0
2014-07-29,103960.0
2014-07-30,103960.0
2014-07-31,103960.0
2014-08-01,103895.0
2014-08-04,103890.0
2014-08-05,103970.0
2014-08-06,103955.0
2014-08-07,104010.0
2014-08-08,104100.0
2014-08-11,104070.0
2014-08-12,104050.0
2014-08-13,104090.0
2014-08-14,104070.0
2014-08-18,104015.0
2014-08-19,103925.0
2014-08-20,103940.0
2014-08-21,103955.0
2014-08-22,103950.0
2014-08-25,104010.0
2014-08-26,104100.0
2014-08-27,104165.0
2014-08-28,104195.0
2014-08-29,104215.0
2014-09-01,104215.0
2014-09-02,104225.0
2014-09-03,104175.0
2014-09-04,103645.0
2014-09-05,103760.0
2014-09-11,103810.0
2014-09-12,104005.0
2014-09-15,104025.0
2014-09-16,104155.0
2014-09-17,104100.0
2014-09-18,104150.0
2014-09-19,104150.0
2014-09-22,104215.0
2014-09-23,104260.0
2014-09-24,104305.0
2014-09-25,104340.0
2014-09-26,104395.0
2014-09-29,104400.0
2014-09-30,104485.0
2014-10-01,104705.0
2014-10-02,104760.0
2014-10-06,104680.0
2014-10-07,104680.0
2014-10-08,104640.0
2014-10-10,104740.0
2014-10-13,104735.0
2014-10-14,104695.0
2014-10-15,104715.0
2014-10-16,104765.0
2014-10-17,104825.0
2014-10-20,104795.0
2014-10-21,104840.0
2014-10-22,104870.0
2014-10-23,104940.0
2014-10-24,105005.0
2014-10-27,104970.0
2014-10-28,105010.0
2014-10-29,105040.0
2014-10-30,105100.0
2014-10-31,105270.0
2014-11-03,105270.0
2014-11-04,105325.0
2014-11-05,105405.0
2014-11-06,105425.0
2014-11-07,105340.0
2014-11-10,105360.0
2014-11-11,105200.0
2014-11-12,105100.0
2014-11-13,105035.0
2014-11-14,105125.0
2014-11-17,105165.0
2014-11-18,105135.0
2014-11-19,105245.0
2014-11-20,105330.0
2014-11-21,105335.0
2014-11-24,105430.0
2014-11-25,105510.0
2014-11-26,105530.0
2014-11-27,105520.0
2014-11-28,105610.0
2014-12-01,105615.0
2014-12-02,105550.0
2014-12-03,105460.0
2014-12-04,105310.0
2014-12-05,105325.0
2014-12-08,104205.0
2014-12-09,104290.0
2014-12-10,104175.0
2014-12-11,104370.0
2014-12-12,104515.0
2014-12-15,104510.0
2014-12-16,104505.0
2014-12-17,104410.0
2014-12-18,104390.0
2014-12-19,104350.0
2014-12-22,104455.0
2014-12-23,104550.0
2014-12-24,104495.0
2014-12-26,104510.0
2014-12-29,104600.0
2014-12-30,104720.0
2015-01-02,104665.0
2015-01-05,104695.0
2015-01-06,104855.0
2015-01-07,104890.0
2015-01-08,104865.0
2015-01-09,104915.0
2015-01-12,105085.0
2015-01-13,105085.0
2015-01-14,105210.0
2015-01-15,105065.0
2015-01-16,105265.0
2015-01-19,105140.0
2015-01-20,105125.0
2015-01-21,105125.0
2015-01-22,105040.0
2015-01-23,105165.0
2015-01-26,105180.0
2015-01-27,105205.0
2015-01-28,105275.0
2015-01-29,105330.0
2015-01-30,105395.0
2015-02-02,105375.0
2015-02-03,105525.0
2015-02-04,105515.0
2015-02-05,105480.0
2015-02-06,105440.0
2015-02-09,105380.0
2015-02-10,105285.0
2015-02-11,105255.0
2015-02-12,105220.0
2015-02-13,105240.0
2015-02-16,105130.0
2015-02-17,105260.0
2015-02-23,105240.0
2015-02-24,105260.0
2015-02-25,105315.0
2015-02-26,105355.0
2015-02-27,105405.0
2015-03-02,105480.0
2015-03-03,105500.0
2015-03-04,105525.0
2015-03-05,105550.0
2015-03-06,105175.0
2015-03-09,105145.0
2015-03-10,105165.0
2015-03-11,105305.0
2015-03-12,105430.0
2015-03-13,105310.0
2015-03-16,105360.0
2015-03-17,105360.0
2015-03-18,105390.0
2015-03-19,105565.0
2015-03-20,105650.0
2015-03-23,105685.0
2015-03-24,105660.0
2015-03-25,105700.0
2015-03-26,105745.0
2015-03-27,105740.0
2015-03-30,105760.0
2015-03-31,105935.0
2015-04-01,105925.0
2015-04-02,105900.0
2015-04-03,105945.0
2015-04-06,106000.0
2015-04-07,105995.0
2015-04-08,105925.0
2015-04-09,106035.0
2015-04-10,106050.0
2015-04-13,105955.0
2015-04-14,105920.0
2015-04-15,105975.0
2015-04-16,105990.0
2015-04-17,106070.0
2015-04-20,106080.0
2015-04-21,106030.0
2015-04-22,106035.0
2015-04-23,105940.0
2015-04-24,105835.0
2015-04-27,105830.0
2015-04-28,105640.0
2015-04-29,105585.0
2015-04-30,105705.0
2015-05-04,105490.0
2015-05-06,105355.0
2015-05-07,105260.0
2015-05-08,105385.0
2015-05-11,105605.0
2015-05-12,105385.0
2015-05-13,105475.0
2015-05-14,105550.0
2015-05-15,105450.0
2015-05-18,105520.0
2015-05-19,105460.0
2015-05-20,105610.0
2015-05-21,105630.0
2015-05-22,105625.0
2015-05-26,105715.0
2015-05-27,105820.0
2015-05-28,105785.0
2015-05-29,106055.0
2015-06-01,106070.0
2015-06-02,106185.0
2015-06-03,106055.0
2015-06-04,105945.0
2015-06-05,106060.0
2015-06-08,105210.0
2015-06-09,105280.0
2015-06-10,105265.0
2015-06-11,105145.0
2015-06-12,105230.0
2015-06-15,105155.0
2015-06-16,105210.0
2015-06-17,105175.0
2015-06-18,105220.0
2015-06-19,105290.0
2015-06-22,105170.0
2015-06-23,105170.0
2015-06-24,105125.0
2015-06-25,105205.0
2015-06-26,105170.0
2015-06-29,105225.0
2015-06-30,105230.0
2015-07-01,105205.0
2015-07-02,105135.0
2015-07-03,105150.0
2015-07-06,105205.0
2015-07-07,105200.0
2015-07-08,105265.0
2015-07-09,105330.0
2015-07-10,105215.0
2015-07-13,105220.0
2015-07-14,105250.0
2015-07-15,105240.0
2015-07-16,105325.0
2015-07-17,105340.0
2015-07-20,105365.0
2015-07-21,105420.0
2015-07-22,105445.0
2015-07-23,105610.0
2015-07-24,105675.0
2015-07-27,105660.0
2015-07-28,105630.0
2015-07-29,105585.0
2015-07-30,105580.0
2015-07-31,105595.0
2015-08-03,105520.0
2015-08-04,105470.0
2015-08-05,105410.0
2015-08-06,105475.0
2015-08-07,105475.0
2015-08-10,105560.0
2015-08-11,105640.0
2015-08-12,105760.0
2015-08-13,105710.0
2015-08-17,105725.0
2015-08-18,105765.0
2015-08-19,105770.0
2015-08-20,105790.0
2015-08-21,105845.0
2015-08-24,105895.0
2015-08-25,105865.0
2015-08-26,105865.0
2015-08-27,105845.0
2015-08-28,105845.0
2015-08-31,105810.0
2015-09-01,105795.0
2015-09-02,105910.0
2015-09-03,105980.0
2015-09-04,106055.0
2015-09-07,106070.0
2015-09-08,105670.0
2015-09-09,105655.0
2015-09-10,105735.0
2015-09-11,105720.0
2015-09-14,105700.0
2015-09-15,105730.0
2015-09-16,105675.0
2015-09-17,105690.0
2015-09-18,105840.0
2015-09-21,105940.0
2015-09-22,105885.0
2015-09-23,105945.0
2015-09-24,105960.0
2015-09-25,105930.0
2015-09-30,106120.0
2015-10-01,106030.0
2015-10-02,106030.0
2015-10-05,106135.0
2015-10-06,106105.0
2015-10-07,106020.0
2015-10-08,106010.0
2015-10-12,105940.0
2015-10-13,105940.0
2015-10-14,105900.0
2015-10-15,106030.0
2015-10-16,106030.0
2015-10-19,106015.0
2015-10-20,106045.0
2015-10-21,105885.0
2015-10-22,105995.0
2015-10-23,105965.0
2015-10-26,106000.0
2015-10-27,106055.0
2015-10-28,106095.0
2015-10-29,106065.0
2015-10-30,106025.0
2015-11-02,106010.0
2015-11-03,105970.0
2015-11-04,105920.0
2015-11-05,105950.0
2015-11-06,105895.0
2015-11-09,105615.0
2015-11-10,105645.0
2015-11-11,105565.0
2015-11-12,105675.0
2015-11-13,105635.0
2015-11-16,105760.0
2015-11-17,105725.0
2015-11-18,105735.0
2015-11-19,105790.0
2015-11-20,105800.0
2015-11-23,105750.0
2015-11-24,105745.0
2015-11-25,105745.0
2015-11-26,105755.0
2015-11-27,105705.0
2015-11-30,105725.0
2015-12-01,105760.0
2015-12-02,105780.0
2015-12-03,105800.0
2015-12-04,105720.0
2015-12-07,105750.0
2015-12-08,104905.0
2015-12-09,104950.0
2015-12-10,104970.0
2015-12-11,104975.0
2015-12-14,105020.0
2015-12-15,104995.0
2015-12-16,104980.0
2015-12-17,105050.0
2015-12-18,105175.0
2015-12-21,105280.0
2015-12-22,105275.0
2015-12-23,105260.0
2015-12-24,105275.0
2015-12-28,105265.0
2015-12-29,105330.0
2015-12-30,105330.0
2016-01-04,105440.0
2016-01-05,105400.0
2016-01-06,105420.0
2016-01-07,105410.0
2016-01-08,105395.0
2016-01-11,105470.0
2016-01-12,105475.0
2016-01-13,105500.0
2016-01-14,105555.0
2016-01-15,105445.0
2016-01-18,105500.0
2016-01-19,105460.0
2016-01-20,105540.0
2016-01-21,105540.0
2016-01-22,105610.0
2016-01-25,105555.0
2016-01-26,105635.0
2016-01-27,105635.0
2016-01-28,105615.0
2016-01-29,105740.0
2016-02-01,105905.0
2016-02-02,105945.0
2016-02-03,105990.0
2016-02-04,105995.0
2016-02-05,105990.0
2016-02-11,106260.0
2016-02-12,106180.0
2016-02-15,106070.0
2016-02-16,106255.0
2016-02-17,106245.0
2016-02-18,106235.0
2016-02-19,106170.0
2016-02-22,106140.0
2016-02-23,106165.0
2016-02-24,106165.0
2016-02-25,106215.0
2016-02-26,106230.0
2016-02-29,106265.0
2016-03-02,106240.0
2016-03-03,106140.0
2016-03-04,106100.0
2016-03-07,106115.0
2016-03-08,105155.0
2016-03-09,105205.0
2016-03-10,105130.0
2016-03-11,105100.0
2016-03-14,105015.0
2016-03-15,105055.0
2016-03-16,104995.0
2016-03-17,105130.0
2016-03-18,105195.0
2016-03-21,105225.0
2016-03-22,105180.0
2016-03-23,105130.0
2016-03-24,105260.0
2016-03-25,105230.0
2016-03-28,105250.0
2016-03-29,105370.0
2016-03-30,105455.0
2016-03-31,105395.0
2016-04-01,105420.0
2016-04-04,105420.0
2016-04-05,105445.0
2016-04-06,105420.0
2016-04-07,105415.0
2016-04-08,105430.0
2016-04-11,105390.0
2016-04-12,105385.0
2016-04-14,105360.0
2016-04-15,105300.0
2016-04-18,105370.0
2016-04-19,105310.0
2016-04-20,105390.0
2016-04-21,105385.0
2016-04-22,105445.0
2016-04-25,105470.0
2016-04-26,105475.0
2016-04-27,105465.0
2016-04-28,105525.0
2016-04-29,105505.0
2016-05-02,105485.0
2016-05-03,105535.0
2016-05-04,105600.0
2016-05-09,105660.0
2016-05-10,105665.0
2016-05-11,105645.0
2016-05-12,105665.0
2016-05-13,105640.0
2016-05-16,105605.0
2016-05-17,105585.0
2016-05-18,105575.0
2016-05-19,105460.0
2016-05-20,105525.0
2016-05-23,105545.0
2016-05-24,105605.0
2016-05-25,105605.0
2016-05-26,105600.0
2016-05-27,105580.0
2016-05-30,105505.0
2016-05-31,105535.0
2016-06-01,105690.0
2016-06-02,105710.0
2016-06-03,105720.0
2016-06-07,105830.0
2016-06-08,104675.0
2016-06-09,104825.0
2016-06-10,104890.0
2016-06-13,104900.0
2016-06-14,104845.0
2016-06-15,104845.0
2016-06-16,104970.0
2016-06-17,104855.0
2016-06-20,104810.0
2016-06-21,104820.0
2016-06-22,104805.0
2016-06-23,104805.0
2016-06-24,105205.0
2016-06-27,105200.0
2016-06-28,105185.0
2016-06-29,105205.0
2016-06-30,105205.0
2016-07-01,105270.0
2016-07-04,105260.0
2016-07-05,105300.0
2016-07-06,105370.0
2016-07-07,105350.0
2016-07-08,105365.0
2016-07-11,105390.0
2016-07-12,105340.0
2016-07-13,105345.0
2016-07-14,105430.0
2016-07-15,105355.0
2016-07-18,105325.0
2016-07-19,105370.0
2016-07-20,105335.0
2016-07-21,105315.0
2016-07-22,105315.0
2016-07-25,105345.0
2016-07-26,105375.0
2016-07-27,105360.0
2016-07-28,105435.0
2016-07-29,105450.0
2016-08-01,105435.0
2016-08-02,105435.0
2016-08-03,105335.0
2016-08-04,105360.0
2016-08-05,105440.0
2016-08-08,105400.0
2016-08-09,105385.0
2016-08-10,105475.0
2016-08-11,105455.0
2016-08-12,105445.0
2016-08-16,105470.0
2016-08-17,105435.0
2016-08-18,105465.0
2016-08-19,105455.0
2016-08-22,105435.0
2016-08-23,105450.0
2016-08-24,105455.0
2016-08-25,105445.0
2016-08-26,105415.0
2016-08-29,105345.0
2016-08-30,105335.0
2016-08-31,105240.0
2016-09-01,105245.0
2016-09-02,105160.0
2016-09-05,105235.0
2016-09-06,105260.0
2016-09-07,104135.0
2016-09-08,104155.0
2016-09-09,104005.0
2016-09-12,103950.0
2016-09-13,103920.0
2016-09-19,103920.0
2016-09-20,103940.0
2016-09-21,103955.0
2016-09-22,104115.0
2016-09-23,104125.0
2016-09-26,104080.0
2016-09-27,104100.0
2016-09-28,104110.0
2016-09-29,104140.0
2016-09-30,104315.0
2016-10-04,104195.0
2016-10-05,104075.0
2016-10-06,104100.0
2016-10-07,104080.0
2016-10-10,104075.0
2016-10-11,103900.0
2016-10-12,103970.0
2016-10-13,104140.0
2016-10-14,104100.0
2016-10-17,103980.0
2016-10-18,104020.0
2016-10-19,104045.0
2016-10-20,104000.0
2016-10-21,103955.0
2016-10-24,103920.0
2016-10-25,103910.0
2016-10-26,103890.0
2016-10-27,103825.0
2016-10-28,103745.0
2016-10-31,103785.0
2016-11-01,103735.0
2016-11-02,103825.0
2016-11-03,103870.0
2016-11-04,103830.0
2016-11-07,103810.0
2016-11-08,103825.0
2016-11-09,104050.0
2016-11-10,103695.0
2016-11-11,103545.0
2016-11-14,103245.0
2016-11-15,103175.0
2016-11-16,103110.0
2016-11-17,102780.0
2016-11-18,102905.0
2016-11-21,102940.0
2016-11-22,102980.0
2016-11-23,102810.0
2016-11-24,102750.0
2016-11-25,102695.0
2016-11-28,102820.0
2016-11-29,102945.0
2016-11-30,103050.0
2016-12-01,102620.0
2016-12-02,102735.0
2016-12-05,102795.0
2016-12-06,102795.0
2016-12-07,101305.0
2016-12-08,101405.0
2016-12-09,101405.0
2016-12-12,101375.0
2016-12-13,101460.0
2016-12-14,101650.0
2016-12-15,101565.0
2016-12-16,101565.0
2016-12-19,101565.0
2016-12-20,101550.0
2016-12-21,101590.0
2016-12-22,101675.0
2016-12-23,101675.0
2016-12-26,101675.0
2016-12-27,101665.0
2016-12-28,101735.0
2016-12-29,101830.0
2017-01-02,101800.0
2017-01-03,101830.0
2017-01-04,101855.0
2017-01-05,101885.0
2017-01-06,101900.0
2017-01-09,101785.0
2017-01-10,101800.0
2017-01-11,101800.0
2017-01-12,101895.0
2017-01-13,101895.0
2017-01-16,101895.0
2017-01-17,101895.0
2017-01-18,101910.0
2017-01-19,101785.0
2017-01-20,101785.0
2017-01-23,101840.0
2017-01-24,101890.0
2017-01-25,101890.0
2017-01-26,101780.0
2017-01-31,101835.0
2017-02-01,101800.0
2017-02-02,101800.0
2017-02-03,101765.0
2017-02-06,101830.0
2017-02-07,101915.0
2017-02-08,101915.0
2017-02-09,101930.0
2017-02-10,101925.0
2017-02-13,101925.0
2017-02-14,101885.0
2017-02-15,101885.0
2017-02-16,101905.0
2017-02-17,101915.0
2017-02-20,101905.0
2017-02-21,101875.0
2017-02-22,101840.0
2017-02-23,101870.0
2017-02-24,101915.0
2017-02-27,101930.0
2017-02-28,101970.0
2017-03-02,101890.0
2017-03-03,101890.0
2017-03-06,101860.0
2017-03-07,101720.0
2017-03-08,100720.0
2017-03-09,100715.0
2017-03-10,100715.0
2017-03-13,100745.0
2017-03-14,100760.0
2017-03-15,100765.0
2017-03-16,101025.0
2017-03-17,101045.0
2017-03-20,101060.0
2017-03-21,101065.0
2017-03-22,101090.0
2017-03-23,101110.0
2017-03-24,101110.0
2017-03-27,101135.0
2017-03-28,101135.0
2017-03-29,101200.0
2017-03-30,101240.0
2017-03-31,101245.0
2017-04-03,101210.0
2017-04-04,101235.0
2017-04-05,101235.0
2017-04-06,101190.0
2017-04-07,101175.0
2017-04-10,101000.0
2017-04-11,101085.0
2017-04-12,101125.0
2017-04-13,101225.0
2017-04-14,101315.0
2017-04-17,101300.0
2017-04-18,101260.0
2017-04-19,101350.0
2017-04-20,101295.0
2017-04-21,101245.0
2017-04-24,101110.0
2017-04-25,101195.0
2017-04-26,101200.0
2017-04-27,101240.0
2017-04-28,101285.0
2017-05-02,101280.0
2017-05-04,101265.0
2017-05-08,101240.0
2017-05-10,101190.0
2017-05-11,101170.0
2017-05-12,101200.0
2017-05-15,101200.0
2017-05-16,101175.0
2017-05-17,101210.0
2017-05-18,101275.0
2017-05-19,101310.0
2017-05-22,101310.0
2017-05-23,101320.0
2017-05-24,101350.0
2017-05-25,101350.0
2017-05-26,101350.0
2017-05-29,101350.0
2017-05-30,101415.0
2017-05-31,101460.0
2017-06-01,101460.0
2017-06-02,101480.0
2017-06-05,101515.0
2017-06-07,100720.0
2017-06-08,100720.0
2017-06-09,100720.0
2017-06-12,100595.0
2017-06-13,100660.0
2017-06-14,100695.0
2017-06-15,100695.0
2017-06-16,100695.0
2017-06-19,100695.0
2017-06-20,100695.0
2017-06-21,100695.0
2017-06-22,100745.0
2017-06-23,100730.0
2017-06-26,100695.0
2017-06-27,100695.0
2017-06-28,100655.0
2017-06-29,100655.0
2017-06-30,100655.0
2017-07-03,100645.0
2017-07-04,100585.0
2017-07-05,100565.0
2017-07-06,100565.0
2017-07-07,100480.0
2017-07-10,100465.0
2017-07-11,100500.0
2017-07-12,100515.0
2017-07-13,100580.0
2017-07-14,100580.0
2017-07-17,100580.0
2017-07-18,100590.0
2017-07-19,100590.0
2017-07-20,100615.0
2017-07-21,100755.0
2017-07-24,100755.0
2017-07-25,100755.0
2017-07-26,100725.0
2017-07-27,100740.0
2017-07-28,100740.0
2017-07-31,100770.0
2017-08-01,100710.0
2017-08-02,100710.0
2017-08-03,100740.0
2017-08-04,100740.0
2017-08-07,100700.0
2017-08-08,100640.0
2017-08-09,100545.0
2017-08-10,100545.0
2017-08-11,100570.0
2017-08-14,100570.0
2017-08-16,100570.0
2017-08-17,100645.0
2017-08-18,100645.0
2017-08-21,100610.0
2017-08-22,100645.0
2017-08-23,100645.0
2017-08-24,100645.0
2017-08-25,100710.0
2017-08-28,100710.0
2017-08-29,100710.0
2017-08-30,100730.0
2017-08-31,100790.0
2017-09-01,100815.0
2017-09-04,100735.0
2017-09-05,100735.0
2017-09-06,100735.0
2017-09-07,100585.0
2017-09-08,100640.0
2017-09-11,100645.0
2017-09-12,100685.0
2017-09-13,100685.0
2017-09-14,100700.0
2017-09-15,100685.0
2017-09-18,100690.0
2017-09-19,100670.0
2017-09-20,100580.0
2017-09-21,100580.0
2017-09-22,100620.0
2017-09-25,100620.0
2017-09-26,100585.0
2017-09-27,100450.0
2017-09-28,100445.0
2017-09-29,100480.0
2017-10-10,100400.0
2017-10-11,100400.0
2017-10-12,100430.0
2017-10-13,100430.0
2017-10-16,100430.0
2017-10-17,100425.0
2017-10-18,100425.0
2017-10-19,100060.0
2017-10-20,100060.0
2017-10-23,100095.0
2017-10-24,100095.0
2017-10-25,100040.0
2017-10-26,99865.0
2017-10-27,99865.0
2017-10-30,99870.0
2017-10-31,99935.0
2017-11-01,99885.0
2017-11-02,99965.0
2017-11-03,99965.0
2017-11-06,99965.0
2017-11-07,99980.0
2017-11-08,99980.0
2017-11-09,99980.0
2017-11-10,99985.0
2017-11-13,99985.0
2017-11-14,99940.0
2017-11-15,99940.0
2017-11-16,99960.0
2017-11-17,99960.0
2017-11-20,99995.0
2017-11-21,100020.0
2017-11-22,100020.0
2017-11-23,100090.0
2017-11-24,100090.0
2017-11-27,100045.0
2017-11-28,100145.0
2017-11-29,100155.0
2017-11-30,100320.0
2017-12-01,100260.0
2017-12-04,100280.0
2017-12-05,100280.0
2017-12-06,100280.0
2017-12-07,100330.0
2017-12-08,100330.0
2017-12-11,100330.0
2017-12-12,100330.0
2017-12-13,100395.0
2017-12-14,100395.0
2017-12-15,100325.0
2017-12-18,100325.0
2017-12-19,100325.0
2017-12-20,100365.0
2017-12-21,100300.0
2017-12-22,100285.0
2017-12-26,100250.0
2017-12-27,100250.0
2017-12-28,100300.0
2018-01-02,100300.0
2018-01-03,100300.0
2018-01-04,100300.0
2018-01-05,100360.0
2018-01-08,100340.0
2018-01-09,100315.0
2018-01-10,100185.0
2018-01-11,100235.0
2018-01-12,100235.0
2018-01-15,100110.0
2018-01-16,100110.0
2018-01-17,100110.0
2018-01-18,100130.0
2018-01-19,100140.0
2018-01-22,100185.0
2018-01-23,100185.0
2018-01-24,100195.0
2018-01-25,100195.0
2018-01-26,100220.0
2018-01-29,100070.0
2018-01-30,99990.0
2018-01-31,100040.0
2018-02-01,100085.0
2018-02-02,100085.0
2018-02-05,100085.0
2018-02-06,100115.0
2018-02-07,100130.0
2018-02-08,100130.0
2018-02-09,100155.0
2018-02-12,100140.0
2018-02-13,100160.0
2018-02-14,100210.0
2018-02-19,100175.0
2018-02-20,100175.0
2018-02-21,100180.0
2018-02-22,100180.0
2018-02-23,100210.0
2018-02-26,100295.0
2018-02-27,100300.0
2018-02-28,100340.0
2018-03-02,100335.0
2018-03-05,100295.0
2018-03-06,100295.0
2018-03-07,100015.0
2018-03-08,100015.0
2018-03-09,100015.0
2018-03-12,99990.0
2018-03-13,100000.0
2018-03-14,100070.0
2018-03-15,100165.0
2018-03-16,100165.0
2018-03-19,100165.0
2018-03-20,100155.0
2018-03-21,100155.0
2018-03-22,100200.0
2018-03-23,100305.0
2018-03-26,100305.0
2018-03-27,100305.0
2018-03-28,100315.0
2018-03-29,100315.0
2018-03-30,100340.0
2018-04-02,100340.0
2018-04-03,100415.0
2018-04-04,100495.0
2018-04-05,100525.0
2018-04-06,100575.0
2018-04-09,100575.0
2018-04-10,100630.0
2018-04-11,100550.0
2018-04-12,100585.0
2018-04-13,100595.0
2018-04-16,100580.0
2018-04-17,100540.0
2018-04-18,100490.0
2018-04-19,100490.0
2018-04-20,100490.0
2018-04-23,100465.0
2018-04-24,100465.0
2018-04-25,100380.0
2018-04-26,100415.0
2018-04-27,100520.0
2018-04-30,100530.0
2018-05-02,100520.0
2018-05-03,100520.0
2018-05-04,100395.0
2018-05-08,100385.0
2018-05-09,100385.0
2018-05-10,100445.0
2018-05-11,100445.0
2018-05-14,100435.0
2018-05-15,100360.0
2018-05-16,100335.0
2018-05-17,100490.0
2018-05-18,100600.0
2018-05-21,100655.0
2018-05-23,100655.0
2018-05-24,100715.0
2018-05-25,100725.0
2018-05-28,100650.0
2018-05-29,100720.0
2018-05-30,100735.0
2018-05-31,100805.0
2018-06-01,100805.0
2018-06-04,100785.0
2018-06-05,100785.0
2018-06-07,100245.0
2018-06-08,100210.0
2018-06-11,100255.0
2018-06-12,100260.0
2018-06-14,100260.0
2018-06-15,100300.0
2018-06-18,100345.0
2018-06-19,100395.0
2018-06-20,100405.0
2018-06-21,100475.0
2018-06-22,100490.0
2018-06-25,100490.0
2018-06-26,100545.0
2018-06-27,100550.0
2018-06-28,100600.0
2018-06-29,100640.0
2018-07-02,100645.0
2018-07-03,100645.0
2018-07-04,100650.0
2018-07-05,100750.0
2018-07-06,100750.0
2018-07-09,100750.0
2018-07-10,100750.0
2018-07-11,100825.0
2018-07-12,100825.0
2018-07-13,100815.0
2018-07-16,100815.0
2018-07-17,100815.0
2018-07-18,100815.0
2018-07-19,100800.0
2018-07-20,100840.0
2018-07-23,100850.0
2018-07-24,100850.0
2018-07-25,100850.0
2018-07-26,100870.0
2018-07-27,100845.0
2018-07-30,100770.0
2018-07-31,100825.0
2018-08-01,100825.0
2018-08-02,100835.0
2018-08-03,100855.0
2018-08-06,100885.0
2018-08-07,100925.0
2018-08-08,100950.0
2018-08-09,100980.0
2018-08-10,101020.0
2018-08-13,101090.0
2018-08-14,101080.0
2018-08-16,101080.0
2018-08-17,101170.0
2018-08-20,101205.0
2018-08-21,101310.0
2018-08-22,101300.0
2018-08-23,101315.0
2018-08-24,101315.0
2018-08-27,101380.0
2018-08-28,101300.0
2018-08-29,101345.0
2018-08-30,101345.0
2018-08-31,101355.0
2018-09-03,101470.0
2018-09-04,101500.0
2018-09-05,101505.0
2018-09-06,101385.0
2018-09-07,101365.0
2018-09-10,101350.0
2018-09-11,100530.0
2018-09-12,100555.0
2018-09-13,100555.0
2018-09-14,100475.0
2018-09-17,100475.0
2018-09-18,100445.0
2018-09-19,100425.0
2018-09-20,100345.0
2018-09-21,100325.0
2018-09-27,100385.0
2018-09-28,100415.0
2018-10-01,100415.0
2018-10-02,100415.0
2018-10-04,100365.0
2018-10-05,100340.0
2018-10-08,100325.0
2018-10-10,100345.0
2018-10-11,100500.0
2018-10-12,100430.0
2018-10-15,100430.0
2018-10-16,100430.0
2018-10-17,100455.0
2018-10-18,100550.0
2018-10-19,100550.0
2018-10-22,100550.0
2018-10-23,100560.0
2018-10-24,100545.0
2018-10-25,100605.0
2018-10-26,100615.0
2018-10-29,100720.0
2018-10-30,100720.0
2018-10-31,100740.0
2018-11-01,100740.0
2018-11-02,100660.0
2018-11-05,100660.0
2018-11-06,100660.0
2018-11-07,100690.0
2018-11-08,100710.0
2018-11-09,100715.0
2018-11-12,100765.0
2018-11-13,100765.0
2018-11-14,100790.0
2018-11-15,100790.0
2018-11-16,100790.0
2018-11-19,100790.0
2018-11-20,100790.0
2018-11-21,100790.0
2018-11-22,100850.0
2018-11-23,100905.0
2018-11-26,100840.0
2018-11-27,100885.0
2018-11-28,100885.0
2018-11-29,100960.0
2018-11-30,100960.0
2018-12-03,100940.0
2018-12-04,100990.0
2018-12-05,100990.0
2018-12-06,100695.0
2018-12-07,100695.0
2018-12-10,100725.0
2018-12-11,100750.0
2018-12-12,100750.0
2018-12-13,100750.0
2018-12-14,100740.0
2018-12-17,100745.0
2018-12-18,100770.0
2018-12-19,100840.0
2018-12-20,100840.0
2018-12-21,100770.0
2018-12-24,100770.0
2018-12-26,100865.0
2018-12-27,100865.0
2018-12-28,100860.0
2019-01-02,100865.0
2019-01-03,100900.0
2019-01-04,100900.0
2019-01-07,100900.0
2019-01-08,100820.0
2019-01-09,100825.0
2019-01-10,100895.0
2019-01-11,100900.0
2019-01-14,100905.0
2019-01-15,100920.0
2019-01-16,100920.0
2019-01-17,100925.0
2019-01-18,100925.0
2019-01-21,100925.0
2019-01-22,100925.0
2019-01-23,100945.0
2019-01-24,100945.0
2019-01-25,100945.0
2019-01-28,100945.0
2019-01-29,100945.0
2019-01-30,100945.0
2019-01-31,100970.0
2019-02-01,100980.0
2019-02-07,100990.0
2019-02-08,101055.0
2019-02-11,101080.0
2019-02-12,101080.0
2019-02-13,101080.0
2019-02-14,101095.0
2019-02-15,101100.0
2019-02-18,101140.0
2019-02-19,101110.0
2019-02-20,101100.0
2019-02-21,101090.0
2019-02-22,101085.0
2019-02-25,101105.0
2019-02-26,101115.0
2019-02-27,101075.0
2019-02-28,101065.0
2019-03-04,101060.0
2019-03-05,101060.0
2019-03-06,101060.0
2019-03-07,100780.0
2019-03-08,100840.0
2019-03-11,100840.0
2019-03-12,100840.0
2019-03-13,100850.0
2019-03-14,100870.0
2019-03-15,100870.0
2019-03-18,100870.0
2019-03-19,100815.0
